run,N,M,final_k_granularity,cooldown_final_k_granularity,step,total_steps,loss,head_lr,muon_lr
0,1,0,1.0,1.0,0,50,2.3135,1072.0,0.2
0,1,0,1.0,1.0,1,50,2.2201,1072.0,0.12
0,1,0,1.0,1.0,2,50,2.2238,1072.0,0.2
0,1,0,1.0,1.0,3,50,1.9782,1072.0,0.12
0,1,0,1.0,1.0,4,50,1.7329,1072.0,0.12
0,1,0,1.0,1.0,5,50,1.5326,1072.0,0.043
0,1,0,1.0,1.0,6,50,1.3445,1072.0,0.072
0,1,0,1.0,1.0,7,50,1.269,1072.0,0.026
0,1,0,1.0,1.0,8,50,1.1267,1072.0,0.043
0,1,0,1.0,1.0,9,50,1.0647,1072.0,0.026
0,1,0,1.0,1.0,10,50,1.0102,1072.0,0.026
0,1,0,1.0,1.0,11,50,0.9854,1072.0,0.026
0,1,0,1.0,1.0,12,50,0.9516,1072.0,0.026
0,1,0,1.0,1.0,13,50,0.9395,1072.0,0.016
0,1,0,1.0,1.0,14,50,0.9132,1072.0,0.016
0,1,0,1.0,1.0,15,50,0.9029,1072.0,0.0093
0,1,0,1.0,1.0,16,50,0.8944,1072.0,0.016
0,1,0,1.0,1.0,17,50,0.8871,1072.0,0.0056
0,1,0,1.0,1.0,18,50,0.8839,1072.0,0.0056
0,1,0,1.0,1.0,19,50,0.8816,1072.0,0.0056
0,1,0,1.0,1.0,20,50,0.8809,1072.0,0.0034
0,1,0,1.0,1.0,21,50,0.8779,1072.0,0.0056
0,1,0,1.0,1.0,22,50,0.8774,1072.0,0.002
0,1,0,1.0,1.0,23,50,0.8757,1072.0,0.0034
0,1,0,1.0,1.0,24,50,0.8752,1072.0,0.002
0,1,0,1.0,1.0,25,50,0.8745,1072.0,0.0034
0,1,0,1.0,1.0,26,50,0.8741,1072.0,0.0012
0,1,0,1.0,1.0,27,50,0.8734,1072.0,0.002
0,1,0,1.0,1.0,28,50,0.8729,1072.0,0.0034
0,1,0,1.0,1.0,29,50,0.8725,1072.0,0.0012
0,1,0,1.0,1.0,30,50,0.8721,1072.0,0.0012
0,1,0,1.0,1.0,31,50,0.8717,1072.0,0.002
0,1,0,1.0,1.0,32,50,0.8715,1072.0,0.0012
0,1,0,1.0,1.0,33,50,0.8711,1072.0,0.002
0,1,0,1.0,1.0,34,50,0.871,1072.0,0.00073
0,1,0,1.0,1.0,35,50,0.8707,1072.0,0.0012
0,1,0,1.0,1.0,36,50,0.8705,1072.0,0.002
0,1,0,1.0,1.0,37,50,0.8702,1072.0,0.00073
0,1,0,1.0,1.0,38,50,0.8701,1072.0,0.00073
0,1,0,1.0,1.0,39,50,0.8699,1072.0,0.0012
0,1,0,1.0,1.0,40,50,0.8698,1072.0,0.00073
0,1,0,1.0,1.0,41,50,0.8696,1072.0,0.0012
0,1,0,1.0,1.0,42,50,0.8696,1072.0,0.00044
0,1,0,1.0,1.0,43,50,0.8694,1072.0,0.00073
0,1,0,1.0,1.0,44,50,0.8693,1072.0,0.0012
0,1,0,1.0,1.0,45,50,0.8692,1072.0,0.00073
0,1,0,1.0,1.0,46,50,0.8691,1072.0,0.0012
0,1,0,1.0,1.0,47,50,0.869,1072.0,0.00044
0,1,0,1.0,1.0,48,50,0.8689,1072.0,0.00073
0,1,0,1.0,1.0,49,50,0.8688,1072.0,0.0012
0,1,0,1.0,1.0,50,50,0.8687,1072.0,0.00073
1,1,1,1.0,1.0,0,50,2.3135,1072.0,0.2
1,1,1,1.0,1.0,1,50,2.2511,1072.0,0.33
1,1,1,1.0,1.0,2,50,2.5831,1072.0,0.33
1,1,1,1.0,1.0,3,50,2.0231,1072.0,0.072
1,1,1,1.0,1.0,4,50,1.8339,1072.0,0.12
1,1,1,1.0,1.0,5,50,1.7072,1072.0,0.072
1,1,1,1.0,1.0,6,50,1.6699,1072.0,0.043
1,1,1,1.0,1.0,7,50,1.5559,1072.0,0.043
1,1,1,1.0,1.0,8,50,1.4883,1072.0,0.043
1,1,1,1.0,1.0,9,50,1.4329,1072.0,0.043
1,1,1,1.0,1.0,10,50,1.3622,1072.0,0.026
1,1,1,1.0,1.0,11,50,1.3174,1072.0,0.026
1,1,1,1.0,1.0,12,50,1.245,1072.0,0.026
1,1,1,1.0,1.0,13,50,1.1749,1072.0,0.016
1,1,1,1.0,1.0,14,50,1.1265,1072.0,0.026
1,1,1,1.0,1.0,15,50,1.0918,1072.0,0.016
1,1,1,1.0,1.0,16,50,1.0719,1072.0,0.016
1,1,1,1.0,1.0,17,50,1.038,1072.0,0.016
1,1,1,1.0,1.0,18,50,1.007,1072.0,0.016
1,1,1,1.0,1.0,19,50,0.9919,1072.0,0.016
1,1,1,1.0,1.0,20,50,0.9718,1072.0,0.0093
1,1,1,1.0,1.0,21,50,0.9716,1072.0,0.0093
1,1,1,1.0,1.0,22,50,0.9662,1072.0,0.0093
1,1,1,1.0,1.0,23,50,0.9555,1072.0,0.0093
1,1,1,1.0,1.0,24,50,0.9462,1072.0,0.0093
1,1,1,1.0,1.0,25,50,0.9402,1072.0,0.0056
1,1,1,1.0,1.0,26,50,0.9255,1072.0,0.0093
1,1,1,1.0,1.0,27,50,0.9165,1072.0,0.0056
1,1,1,1.0,1.0,28,50,0.912,1072.0,0.0056
1,1,1,1.0,1.0,29,50,0.9072,1072.0,0.0056
1,1,1,1.0,1.0,30,50,0.9018,1072.0,0.0034
1,1,1,1.0,1.0,31,50,0.8999,1072.0,0.0056
1,1,1,1.0,1.0,32,50,0.8965,1072.0,0.0034
1,1,1,1.0,1.0,33,50,0.8955,1072.0,0.0034
1,1,1,1.0,1.0,34,50,0.8931,1072.0,0.0034
1,1,1,1.0,1.0,35,50,0.8921,1072.0,0.0034
1,1,1,1.0,1.0,36,50,0.8911,1072.0,0.0034
1,1,1,1.0,1.0,37,50,0.8898,1072.0,0.002
1,1,1,1.0,1.0,38,50,0.8876,1072.0,0.002
1,1,1,1.0,1.0,39,50,0.887,1072.0,0.0034
1,1,1,1.0,1.0,40,50,0.8858,1072.0,0.002
1,1,1,1.0,1.0,41,50,0.8855,1072.0,0.002
1,1,1,1.0,1.0,42,50,0.8844,1072.0,0.002
1,1,1,1.0,1.0,43,50,0.8842,1072.0,0.002
1,1,1,1.0,1.0,44,50,0.8834,1072.0,0.002
1,1,1,1.0,1.0,45,50,0.8829,1072.0,0.002
1,1,1,1.0,1.0,46,50,0.8823,1072.0,0.002
1,1,1,1.0,1.0,47,50,0.8819,1072.0,0.002
1,1,1,1.0,1.0,48,50,0.8815,1072.0,0.002
1,1,1,1.0,1.0,49,50,0.8811,1072.0,0.002
1,1,1,1.0,1.0,50,50,0.8802,1072.0,0.00073
2,1,2,1.0,1.0,0,50,2.3135,1072.0,0.2
2,1,2,1.0,1.0,1,50,2.2279,1072.0,0.2
2,1,2,1.0,1.0,2,50,2.0997,1072.0,0.33
2,1,2,1.0,1.0,3,50,1.8028,1072.0,0.2
2,1,2,1.0,1.0,4,50,1.6509,1072.0,0.12
2,1,2,1.0,1.0,5,50,1.7259,1072.0,0.2
2,1,2,1.0,1.0,6,50,1.5456,1072.0,0.12
2,1,2,1.0,1.0,7,50,1.5014,1072.0,0.072
2,1,2,1.0,1.0,8,50,1.266,1072.0,0.072
2,1,2,1.0,1.0,9,50,1.1904,1072.0,0.072
2,1,2,1.0,1.0,10,50,1.0851,1072.0,0.043
2,1,2,1.0,1.0,11,50,1.0054,1072.0,0.043
2,1,2,1.0,1.0,12,50,0.9573,1072.0,0.026
2,1,2,1.0,1.0,13,50,0.9367,1072.0,0.026
2,1,2,1.0,1.0,14,50,0.9223,1072.0,0.016
2,1,2,1.0,1.0,15,50,0.9065,1072.0,0.0093
2,1,2,1.0,1.0,16,50,0.8998,1072.0,0.016
2,1,2,1.0,1.0,17,50,0.8926,1072.0,0.0093
2,1,2,1.0,1.0,18,50,0.8898,1072.0,0.0093
2,1,2,1.0,1.0,19,50,0.8862,1072.0,0.0093
2,1,2,1.0,1.0,20,50,0.8836,1072.0,0.0056
2,1,2,1.0,1.0,21,50,0.8835,1072.0,0.0093
2,1,2,1.0,1.0,22,50,0.8805,1072.0,0.0056
2,1,2,1.0,1.0,23,50,0.8795,1072.0,0.0056
2,1,2,1.0,1.0,24,50,0.8783,1072.0,0.0056
2,1,2,1.0,1.0,25,50,0.8817,1072.0,0.0093
2,1,2,1.0,1.0,26,50,0.8767,1072.0,0.0056
2,1,2,1.0,1.0,27,50,0.8758,1072.0,0.0034
2,1,2,1.0,1.0,28,50,0.8755,1072.0,0.0056
2,1,2,1.0,1.0,29,50,0.8742,1072.0,0.002
2,1,2,1.0,1.0,30,50,0.8745,1072.0,0.0056
2,1,2,1.0,1.0,31,50,0.8733,1072.0,0.002
2,1,2,1.0,1.0,32,50,0.8727,1072.0,0.0034
2,1,2,1.0,1.0,33,50,0.8722,1072.0,0.002
2,1,2,1.0,1.0,34,50,0.8715,1072.0,0.0034
2,1,2,1.0,1.0,35,50,0.8716,1072.0,0.0056
2,1,2,1.0,1.0,36,50,0.871,1072.0,0.0034
2,1,2,1.0,1.0,37,50,0.8706,1072.0,0.0012
2,1,2,1.0,1.0,38,50,0.8703,1072.0,0.002
2,1,2,1.0,1.0,39,50,0.8702,1072.0,0.0034
2,1,2,1.0,1.0,40,50,0.8699,1072.0,0.0012
2,1,2,1.0,1.0,41,50,0.8699,1072.0,0.0034
2,1,2,1.0,1.0,42,50,0.8696,1072.0,0.0012
2,1,2,1.0,1.0,43,50,0.8694,1072.0,0.0012
2,1,2,1.0,1.0,44,50,0.8695,1072.0,0.0034
2,1,2,1.0,1.0,45,50,0.8691,1072.0,0.0012
2,1,2,1.0,1.0,46,50,0.8689,1072.0,0.0012
2,1,2,1.0,1.0,47,50,0.8691,1072.0,0.0034
2,1,2,1.0,1.0,48,50,0.8687,1072.0,0.002
2,1,2,1.0,1.0,49,50,0.8686,1072.0,0.00044
2,1,2,1.0,1.0,50,50,0.8686,1072.0,5.6e-05
3,1,3,1.0,1.0,0,50,2.3135,1072.0,0.2
3,1,3,1.0,1.0,1,50,2.2279,1072.0,0.2
3,1,3,1.0,1.0,2,50,2.0481,1072.0,0.33
3,1,3,1.0,1.0,3,50,1.8803,1072.0,0.12
3,1,3,1.0,1.0,4,50,1.8027,1072.0,0.2
3,1,3,1.0,1.0,5,50,1.4558,1072.0,0.12
3,1,3,1.0,1.0,6,50,1.373,1072.0,0.12
3,1,3,1.0,1.0,7,50,1.1522,1072.0,0.072
3,1,3,1.0,1.0,8,50,1.1112,1072.0,0.072
3,1,3,1.0,1.0,9,50,1.0617,1072.0,0.072
3,1,3,1.0,1.0,10,50,0.9692,1072.0,0.043
3,1,3,1.0,1.0,11,50,0.9517,1072.0,0.043
3,1,3,1.0,1.0,12,50,0.9297,1072.0,0.043
3,1,3,1.0,1.0,13,50,0.9017,1072.0,0.026
3,1,3,1.0,1.0,14,50,0.8914,1072.0,0.016
3,1,3,1.0,1.0,15,50,0.8888,1072.0,0.016
3,1,3,1.0,1.0,16,50,0.8862,1072.0,0.016
3,1,3,1.0,1.0,17,50,0.8852,1072.0,0.016
3,1,3,1.0,1.0,18,50,0.8831,1072.0,0.016
3,1,3,1.0,1.0,19,50,0.8827,1072.0,0.016
3,1,3,1.0,1.0,20,50,0.8809,1072.0,0.016
3,1,3,1.0,1.0,21,50,0.8807,1072.0,0.016
3,1,3,1.0,1.0,22,50,0.8742,1072.0,0.0093
3,1,3,1.0,1.0,23,50,0.8759,1072.0,0.0093
3,1,3,1.0,1.0,24,50,0.8726,1072.0,0.0056
3,1,3,1.0,1.0,25,50,0.8741,1072.0,0.0093
3,1,3,1.0,1.0,26,50,0.8731,1072.0,0.0093
3,1,3,1.0,1.0,27,50,0.8734,1072.0,0.0093
3,1,3,1.0,1.0,28,50,0.8708,1072.0,0.0056
3,1,3,1.0,1.0,29,50,0.8741,1072.0,0.0093
3,1,3,1.0,1.0,30,50,0.8716,1072.0,0.0093
3,1,3,1.0,1.0,31,50,0.873,1072.0,0.0093
3,1,3,1.0,1.0,32,50,0.8698,1072.0,0.0056
3,1,3,1.0,1.0,33,50,0.8695,1072.0,0.002
3,1,3,1.0,1.0,34,50,0.8693,1072.0,0.0034
3,1,3,1.0,1.0,35,50,0.8702,1072.0,0.0056
3,1,3,1.0,1.0,36,50,0.8695,1072.0,0.0056
3,1,3,1.0,1.0,37,50,0.8699,1072.0,0.0056
3,1,3,1.0,1.0,38,50,0.8694,1072.0,0.0056
3,1,3,1.0,1.0,39,50,0.8697,1072.0,0.0056
3,1,3,1.0,1.0,40,50,0.8692,1072.0,0.0056
3,1,3,1.0,1.0,41,50,0.8695,1072.0,0.0056
3,1,3,1.0,1.0,42,50,0.8691,1072.0,0.0056
3,1,3,1.0,1.0,43,50,0.8693,1072.0,0.0056
3,1,3,1.0,1.0,44,50,0.8683,1072.0,0.0034
3,1,3,1.0,1.0,45,50,0.8697,1072.0,0.0056
3,1,3,1.0,1.0,46,50,0.8687,1072.0,0.0056
3,1,3,1.0,1.0,47,50,0.8683,1072.0,0.0034
3,1,3,1.0,1.0,48,50,0.868,1072.0,0.0012
3,1,3,1.0,1.0,49,50,0.8679,1072.0,0.00016
3,1,3,1.0,1.0,50,50,0.8679,1072.0,0.00016
4,1,4,1.0,1.0,0,50,2.3135,1072.0,0.2
4,1,4,1.0,1.0,1,50,2.2201,1072.0,0.12
4,1,4,1.0,1.0,2,50,2.1095,1072.0,0.2
4,1,4,1.0,1.0,3,50,1.822,1072.0,0.2
4,1,4,1.0,1.0,4,50,1.7232,1072.0,0.12
4,1,4,1.0,1.0,5,50,1.4874,1072.0,0.12
4,1,4,1.0,1.0,6,50,1.3647,1072.0,0.12
4,1,4,1.0,1.0,7,50,1.268,1072.0,0.12
4,1,4,1.0,1.0,8,50,1.1218,1072.0,0.072
4,1,4,1.0,1.0,9,50,1.082,1072.0,0.072
4,1,4,1.0,1.0,10,50,0.9979,1072.0,0.072
4,1,4,1.0,1.0,11,50,0.9353,1072.0,0.043
4,1,4,1.0,1.0,12,50,0.9045,1072.0,0.026
4,1,4,1.0,1.0,13,50,0.8916,1072.0,0.016
4,1,4,1.0,1.0,14,50,0.8846,1072.0,0.0093
4,1,4,1.0,1.0,15,50,0.8861,1072.0,0.016
4,1,4,1.0,1.0,16,50,0.8785,1072.0,0.0093
4,1,4,1.0,1.0,17,50,0.8789,1072.0,0.0093
4,1,4,1.0,1.0,18,50,0.8766,1072.0,0.0093
4,1,4,1.0,1.0,19,50,0.8862,1072.0,0.016
4,1,4,1.0,1.0,20,50,0.8745,1072.0,0.0093
4,1,4,1.0,1.0,21,50,0.8728,1072.0,0.0034
4,1,4,1.0,1.0,22,50,0.8722,1072.0,0.0056
4,1,4,1.0,1.0,23,50,0.8722,1072.0,0.0056
4,1,4,1.0,1.0,24,50,0.8718,1072.0,0.0056
4,1,4,1.0,1.0,25,50,0.8715,1072.0,0.0056
4,1,4,1.0,1.0,26,50,0.8713,1072.0,0.0056
4,1,4,1.0,1.0,27,50,0.8711,1072.0,0.0056
4,1,4,1.0,1.0,28,50,0.8708,1072.0,0.0056
4,1,4,1.0,1.0,29,50,0.8707,1072.0,0.0056
4,1,4,1.0,1.0,30,50,0.8705,1072.0,0.0056
4,1,4,1.0,1.0,31,50,0.8703,1072.0,0.0056
4,1,4,1.0,1.0,32,50,0.8694,1072.0,0.0034
4,1,4,1.0,1.0,33,50,0.8706,1072.0,0.0056
4,1,4,1.0,1.0,34,50,0.869,1072.0,0.0034
4,1,4,1.0,1.0,35,50,0.87,1072.0,0.0056
4,1,4,1.0,1.0,36,50,0.8687,1072.0,0.0034
4,1,4,1.0,1.0,37,50,0.8702,1072.0,0.0056
4,1,4,1.0,1.0,38,50,0.8689,1072.0,0.0056
4,1,4,1.0,1.0,39,50,0.8683,1072.0,0.002
4,1,4,1.0,1.0,40,50,0.8682,1072.0,0.002
4,1,4,1.0,1.0,41,50,0.868,1072.0,0.0012
4,1,4,1.0,1.0,42,50,0.8685,1072.0,0.0034
4,1,4,1.0,1.0,43,50,0.8682,1072.0,0.0034
4,1,4,1.0,1.0,44,50,0.8696,1072.0,0.0056
4,1,4,1.0,1.0,45,50,0.8684,1072.0,0.0056
4,1,4,1.0,1.0,46,50,0.8734,1072.0,0.0093
4,1,4,1.0,1.0,47,50,0.8682,1072.0,0.0056
4,1,4,1.0,1.0,48,50,0.8677,1072.0,0.0012
4,1,4,1.0,1.0,49,50,0.8676,1072.0,0.00044
4,1,4,1.0,1.0,50,50,0.8676,1072.0,0.00044
5,1,5,1.0,1.0,0,50,2.3135,1072.0,0.2
5,1,5,1.0,1.0,1,50,2.2279,1072.0,0.2
5,1,5,1.0,1.0,2,50,2.1458,1072.0,0.33
5,1,5,1.0,1.0,3,50,1.8323,1072.0,0.2
5,1,5,1.0,1.0,4,50,1.6824,1072.0,0.12
5,1,5,1.0,1.0,5,50,1.6665,1072.0,0.2
5,1,5,1.0,1.0,6,50,1.4108,1072.0,0.2
5,1,5,1.0,1.0,7,50,1.4935,1072.0,0.2
5,1,5,1.0,1.0,8,50,1.3173,1072.0,0.2
5,1,5,1.0,1.0,9,50,1.101,1072.0,0.072
5,1,5,1.0,1.0,10,50,1.0098,1072.0,0.072
5,1,5,1.0,1.0,11,50,0.926,1072.0,0.043
5,1,5,1.0,1.0,12,50,0.8987,1072.0,0.026
5,1,5,1.0,1.0,13,50,0.9241,1072.0,0.043
5,1,5,1.0,1.0,14,50,0.8827,1072.0,0.026
5,1,5,1.0,1.0,15,50,0.8784,1072.0,0.0056
5,1,5,1.0,1.0,16,50,0.8765,1072.0,0.0093
5,1,5,1.0,1.0,17,50,0.881,1072.0,0.016
5,1,5,1.0,1.0,18,50,0.8739,1072.0,0.0093
5,1,5,1.0,1.0,19,50,0.8789,1072.0,0.016
5,1,5,1.0,1.0,20,50,0.8722,1072.0,0.0093
5,1,5,1.0,1.0,21,50,0.8808,1072.0,0.016
5,1,5,1.0,1.0,22,50,0.8712,1072.0,0.0093
5,1,5,1.0,1.0,23,50,0.8772,1072.0,0.016
5,1,5,1.0,1.0,24,50,0.8733,1072.0,0.016
5,1,5,1.0,1.0,25,50,0.8693,1072.0,0.0056
5,1,5,1.0,1.0,26,50,0.8706,1072.0,0.0093
5,1,5,1.0,1.0,27,50,0.869,1072.0,0.0056
5,1,5,1.0,1.0,28,50,0.8695,1072.0,0.0056
5,1,5,1.0,1.0,29,50,0.8688,1072.0,0.0056
5,1,5,1.0,1.0,30,50,0.8716,1072.0,0.0093
5,1,5,1.0,1.0,31,50,0.8684,1072.0,0.0056
5,1,5,1.0,1.0,32,50,0.8703,1072.0,0.0093
5,1,5,1.0,1.0,33,50,0.8683,1072.0,0.0056
5,1,5,1.0,1.0,34,50,0.8679,1072.0,0.002
5,1,5,1.0,1.0,35,50,0.868,1072.0,0.0034
5,1,5,1.0,1.0,36,50,0.8677,1072.0,0.002
5,1,5,1.0,1.0,37,50,0.868,1072.0,0.0034
5,1,5,1.0,1.0,38,50,0.8685,1072.0,0.0056
5,1,5,1.0,1.0,39,50,0.8681,1072.0,0.0056
5,1,5,1.0,1.0,40,50,0.8684,1072.0,0.0056
5,1,5,1.0,1.0,41,50,0.8676,1072.0,0.0034
5,1,5,1.0,1.0,42,50,0.8688,1072.0,0.0056
5,1,5,1.0,1.0,43,50,0.8678,1072.0,0.0056
5,1,5,1.0,1.0,44,50,0.8674,1072.0,0.0012
5,1,5,1.0,1.0,45,50,0.8674,1072.0,0.002
5,1,5,1.0,1.0,46,50,0.8673,1072.0,0.00073
5,1,5,1.0,1.0,47,50,0.8673,1072.0,0.00044
5,1,5,1.0,1.0,48,50,0.8673,1072.0,0.00073
5,1,5,1.0,1.0,49,50,0.8673,1072.0,0.0012
5,1,5,1.0,1.0,50,50,0.8672,1072.0,0.00044
6,2,0,1.0,1.0,0,50,2.3135,1072.0,0.2
6,2,0,1.0,1.0,1,50,2.2279,1072.0,0.2
6,2,0,1.0,1.0,2,50,2.2034,1072.0,0.2
6,2,0,1.0,1.0,3,50,1.866,1072.0,0.072
6,2,0,1.0,1.0,4,50,1.6381,1072.0,0.072
6,2,0,1.0,1.0,5,50,1.4148,1072.0,0.072
6,2,0,1.0,1.0,6,50,1.2739,1072.0,0.072
6,2,0,1.0,1.0,7,50,1.1327,1072.0,0.043
6,2,0,1.0,1.0,8,50,1.0319,1072.0,0.043
6,2,0,1.0,1.0,9,50,0.9645,1072.0,0.026
6,2,0,1.0,1.0,10,50,0.9289,1072.0,0.026
6,2,0,1.0,1.0,11,50,0.9093,1072.0,0.0093
6,2,0,1.0,1.0,12,50,0.898,1072.0,0.0093
6,2,0,1.0,1.0,13,50,0.8898,1072.0,0.0093
6,2,0,1.0,1.0,14,50,0.8862,1072.0,0.0093
6,2,0,1.0,1.0,15,50,0.8822,1072.0,0.0056
6,2,0,1.0,1.0,16,50,0.8803,1072.0,0.0056
6,2,0,1.0,1.0,17,50,0.8782,1072.0,0.0034
6,2,0,1.0,1.0,18,50,0.8769,1072.0,0.0034
6,2,0,1.0,1.0,19,50,0.8755,1072.0,0.0034
6,2,0,1.0,1.0,20,50,0.8751,1072.0,0.0034
6,2,0,1.0,1.0,21,50,0.874,1072.0,0.002
6,2,0,1.0,1.0,22,50,0.8734,1072.0,0.002
6,2,0,1.0,1.0,23,50,0.8728,1072.0,0.002
6,2,0,1.0,1.0,24,50,0.8723,1072.0,0.002
6,2,0,1.0,1.0,25,50,0.8718,1072.0,0.002
6,2,0,1.0,1.0,26,50,0.8714,1072.0,0.002
6,2,0,1.0,1.0,27,50,0.871,1072.0,0.002
6,2,0,1.0,1.0,28,50,0.8708,1072.0,0.002
6,2,0,1.0,1.0,29,50,0.8705,1072.0,0.0012
6,2,0,1.0,1.0,30,50,0.8702,1072.0,0.0012
6,2,0,1.0,1.0,31,50,0.87,1072.0,0.0012
6,2,0,1.0,1.0,32,50,0.8698,1072.0,0.0012
6,2,0,1.0,1.0,33,50,0.8696,1072.0,0.0012
6,2,0,1.0,1.0,34,50,0.8695,1072.0,0.0012
6,2,0,1.0,1.0,35,50,0.8693,1072.0,0.0012
6,2,0,1.0,1.0,36,50,0.8692,1072.0,0.0012
6,2,0,1.0,1.0,37,50,0.869,1072.0,0.00073
6,2,0,1.0,1.0,38,50,0.8689,1072.0,0.00073
6,2,0,1.0,1.0,39,50,0.8688,1072.0,0.00073
6,2,0,1.0,1.0,40,50,0.8687,1072.0,0.00073
6,2,0,1.0,1.0,41,50,0.8686,1072.0,0.0012
6,2,0,1.0,1.0,42,50,0.8686,1072.0,0.0012
6,2,0,1.0,1.0,43,50,0.8684,1072.0,0.00073
6,2,0,1.0,1.0,44,50,0.8684,1072.0,0.00073
6,2,0,1.0,1.0,45,50,0.8683,1072.0,0.00073
6,2,0,1.0,1.0,46,50,0.8682,1072.0,0.00073
6,2,0,1.0,1.0,47,50,0.8681,1072.0,0.00073
6,2,0,1.0,1.0,48,50,0.8681,1072.0,0.00073
6,2,0,1.0,1.0,49,50,0.868,1072.0,0.00073
6,2,0,1.0,1.0,50,50,0.868,1072.0,0.00073
7,2,1,1.0,1.0,0,50,2.3135,1072.0,0.2
7,2,1,1.0,1.0,1,50,2.2279,1072.0,0.2
7,2,1,1.0,1.0,2,50,2.2034,1072.0,0.2
7,2,1,1.0,1.0,3,50,1.8821,1072.0,0.12
7,2,1,1.0,1.0,4,50,1.6798,1072.0,0.12
7,2,1,1.0,1.0,5,50,1.4813,1072.0,0.12
7,2,1,1.0,1.0,6,50,1.3166,1072.0,0.12
7,2,1,1.0,1.0,7,50,1.1379,1072.0,0.026
7,2,1,1.0,1.0,8,50,1.0527,1072.0,0.026
7,2,1,1.0,1.0,9,50,0.9747,1072.0,0.026
7,2,1,1.0,1.0,10,50,0.9306,1072.0,0.026
7,2,1,1.0,1.0,11,50,0.9108,1072.0,0.026
7,2,1,1.0,1.0,12,50,0.9122,1072.0,0.026
7,2,1,1.0,1.0,13,50,0.8912,1072.0,0.0093
7,2,1,1.0,1.0,14,50,0.8911,1072.0,0.0093
7,2,1,1.0,1.0,15,50,0.8821,1072.0,0.0093
7,2,1,1.0,1.0,16,50,0.8788,1072.0,0.0093
7,2,1,1.0,1.0,17,50,0.8773,1072.0,0.0093
7,2,1,1.0,1.0,18,50,0.8775,1072.0,0.0093
7,2,1,1.0,1.0,19,50,0.8741,1072.0,0.0056
7,2,1,1.0,1.0,20,50,0.8732,1072.0,0.0056
7,2,1,1.0,1.0,21,50,0.8723,1072.0,0.0056
7,2,1,1.0,1.0,22,50,0.8721,1072.0,0.0056
7,2,1,1.0,1.0,23,50,0.8709,1072.0,0.0034
7,2,1,1.0,1.0,24,50,0.8706,1072.0,0.0034
7,2,1,1.0,1.0,25,50,0.8703,1072.0,0.0034
7,2,1,1.0,1.0,26,50,0.87,1072.0,0.0034
7,2,1,1.0,1.0,27,50,0.8696,1072.0,0.002
7,2,1,1.0,1.0,28,50,0.8693,1072.0,0.002
7,2,1,1.0,1.0,29,50,0.8691,1072.0,0.002
7,2,1,1.0,1.0,30,50,0.869,1072.0,0.002
7,2,1,1.0,1.0,31,50,0.8688,1072.0,0.0012
7,2,1,1.0,1.0,32,50,0.8686,1072.0,0.0012
7,2,1,1.0,1.0,33,50,0.8685,1072.0,0.0012
7,2,1,1.0,1.0,34,50,0.8684,1072.0,0.0012
7,2,1,1.0,1.0,35,50,0.8683,1072.0,0.0012
7,2,1,1.0,1.0,36,50,0.8682,1072.0,0.0012
7,2,1,1.0,1.0,37,50,0.8681,1072.0,0.0012
7,2,1,1.0,1.0,38,50,0.868,1072.0,0.0012
7,2,1,1.0,1.0,39,50,0.868,1072.0,0.0012
7,2,1,1.0,1.0,40,50,0.8679,1072.0,0.0012
7,2,1,1.0,1.0,41,50,0.8678,1072.0,0.0012
7,2,1,1.0,1.0,42,50,0.8678,1072.0,0.0012
7,2,1,1.0,1.0,43,50,0.8677,1072.0,0.0012
7,2,1,1.0,1.0,44,50,0.8677,1072.0,0.0012
7,2,1,1.0,1.0,45,50,0.8676,1072.0,0.0012
7,2,1,1.0,1.0,46,50,0.8676,1072.0,0.0012
7,2,1,1.0,1.0,47,50,0.8676,1072.0,0.0012
7,2,1,1.0,1.0,48,50,0.8675,1072.0,0.0012
7,2,1,1.0,1.0,49,50,0.8675,1072.0,0.00073
7,2,1,1.0,1.0,50,50,0.8674,1072.0,0.00073
8,2,2,1.0,1.0,0,50,2.3135,1072.0,0.2
8,2,2,1.0,1.0,1,50,2.2201,1072.0,0.12
8,2,2,1.0,1.0,2,50,2.2057,1072.0,0.12
8,2,2,1.0,1.0,3,50,1.8243,1072.0,0.072
8,2,2,1.0,1.0,4,50,1.5657,1072.0,0.072
8,2,2,1.0,1.0,5,50,1.3275,1072.0,0.072
8,2,2,1.0,1.0,6,50,1.2199,1072.0,0.072
8,2,2,1.0,1.0,7,50,1.0562,1072.0,0.043
8,2,2,1.0,1.0,8,50,0.9841,1072.0,0.043
8,2,2,1.0,1.0,9,50,0.9387,1072.0,0.026
8,2,2,1.0,1.0,10,50,0.9158,1072.0,0.026
8,2,2,1.0,1.0,11,50,0.9002,1072.0,0.016
8,2,2,1.0,1.0,12,50,0.8917,1072.0,0.016
8,2,2,1.0,1.0,13,50,0.8838,1072.0,0.0093
8,2,2,1.0,1.0,14,50,0.8805,1072.0,0.0093
8,2,2,1.0,1.0,15,50,0.8782,1072.0,0.0093
8,2,2,1.0,1.0,16,50,0.8787,1072.0,0.0093
8,2,2,1.0,1.0,17,50,0.8743,1072.0,0.0056
8,2,2,1.0,1.0,18,50,0.8732,1072.0,0.0056
8,2,2,1.0,1.0,19,50,0.872,1072.0,0.0056
8,2,2,1.0,1.0,20,50,0.8724,1072.0,0.0056
8,2,2,1.0,1.0,21,50,0.8706,1072.0,0.0034
8,2,2,1.0,1.0,22,50,0.8703,1072.0,0.0034
8,2,2,1.0,1.0,23,50,0.8698,1072.0,0.0034
8,2,2,1.0,1.0,24,50,0.8698,1072.0,0.0034
8,2,2,1.0,1.0,25,50,0.8694,1072.0,0.0034
8,2,2,1.0,1.0,26,50,0.8693,1072.0,0.0034
8,2,2,1.0,1.0,27,50,0.8691,1072.0,0.0034
8,2,2,1.0,1.0,28,50,0.869,1072.0,0.0034
8,2,2,1.0,1.0,29,50,0.8684,1072.0,0.002
8,2,2,1.0,1.0,30,50,0.8683,1072.0,0.002
8,2,2,1.0,1.0,31,50,0.8682,1072.0,0.002
8,2,2,1.0,1.0,32,50,0.8682,1072.0,0.002
8,2,2,1.0,1.0,33,50,0.8681,1072.0,0.002
8,2,2,1.0,1.0,34,50,0.868,1072.0,0.002
8,2,2,1.0,1.0,35,50,0.8679,1072.0,0.002
8,2,2,1.0,1.0,36,50,0.8679,1072.0,0.002
8,2,2,1.0,1.0,37,50,0.8678,1072.0,0.002
8,2,2,1.0,1.0,38,50,0.8678,1072.0,0.002
8,2,2,1.0,1.0,39,50,0.8677,1072.0,0.002
8,2,2,1.0,1.0,40,50,0.8677,1072.0,0.002
8,2,2,1.0,1.0,41,50,0.8675,1072.0,0.0012
8,2,2,1.0,1.0,42,50,0.8675,1072.0,0.0012
8,2,2,1.0,1.0,43,50,0.8674,1072.0,0.0012
8,2,2,1.0,1.0,44,50,0.8674,1072.0,0.0012
8,2,2,1.0,1.0,45,50,0.8674,1072.0,0.0012
8,2,2,1.0,1.0,46,50,0.8674,1072.0,0.0012
8,2,2,1.0,1.0,47,50,0.8673,1072.0,0.0012
8,2,2,1.0,1.0,48,50,0.8673,1072.0,0.0012
8,2,2,1.0,1.0,49,50,0.8672,1072.0,0.00073
8,2,2,1.0,1.0,50,50,0.8672,1072.0,0.00073
9,2,3,1.0,1.0,0,50,2.3135,1072.0,0.2
9,2,3,1.0,1.0,1,50,2.2279,1072.0,0.2
9,2,3,1.0,1.0,2,50,2.2034,1072.0,0.2
9,2,3,1.0,1.0,3,50,1.8298,1072.0,0.2
9,2,3,1.0,1.0,4,50,1.7232,1072.0,0.2
9,2,3,1.0,1.0,5,50,1.4076,1072.0,0.12
9,2,3,1.0,1.0,6,50,1.4052,1072.0,0.12
9,2,3,1.0,1.0,7,50,1.1284,1072.0,0.072
9,2,3,1.0,1.0,8,50,1.053,1072.0,0.072
9,2,3,1.0,1.0,9,50,0.9627,1072.0,0.043
9,2,3,1.0,1.0,10,50,0.9232,1072.0,0.043
9,2,3,1.0,1.0,11,50,0.9101,1072.0,0.043
9,2,3,1.0,1.0,12,50,0.92,1072.0,0.043
9,2,3,1.0,1.0,13,50,0.9017,1072.0,0.043
9,2,3,1.0,1.0,14,50,0.8902,1072.0,0.043
9,2,3,1.0,1.0,15,50,0.8806,1072.0,0.026
9,2,3,1.0,1.0,16,50,0.8837,1072.0,0.026
9,2,3,1.0,1.0,17,50,0.8738,1072.0,0.016
9,2,3,1.0,1.0,18,50,0.8742,1072.0,0.016
9,2,3,1.0,1.0,19,50,0.8725,1072.0,0.016
9,2,3,1.0,1.0,20,50,0.8741,1072.0,0.016
9,2,3,1.0,1.0,21,50,0.872,1072.0,0.016
9,2,3,1.0,1.0,22,50,0.8722,1072.0,0.016
9,2,3,1.0,1.0,23,50,0.869,1072.0,0.0093
9,2,3,1.0,1.0,24,50,0.8697,1072.0,0.0093
9,2,3,1.0,1.0,25,50,0.8682,1072.0,0.0056
9,2,3,1.0,1.0,26,50,0.8684,1072.0,0.0056
9,2,3,1.0,1.0,27,50,0.8679,1072.0,0.0056
9,2,3,1.0,1.0,28,50,0.8682,1072.0,0.0056
9,2,3,1.0,1.0,29,50,0.8676,1072.0,0.0034
9,2,3,1.0,1.0,30,50,0.8676,1072.0,0.0034
9,2,3,1.0,1.0,31,50,0.8674,1072.0,0.0034
9,2,3,1.0,1.0,32,50,0.8675,1072.0,0.0034
9,2,3,1.0,1.0,33,50,0.8673,1072.0,0.002
9,2,3,1.0,1.0,34,50,0.8673,1072.0,0.002
9,2,3,1.0,1.0,35,50,0.8672,1072.0,0.002
9,2,3,1.0,1.0,36,50,0.8672,1072.0,0.002
9,2,3,1.0,1.0,37,50,0.8756,1072.0,0.016
9,2,3,1.0,1.0,38,50,0.8687,1072.0,0.016
9,2,3,1.0,1.0,39,50,0.8689,1072.0,0.0093
9,2,3,1.0,1.0,40,50,0.868,1072.0,0.0093
9,2,3,1.0,1.0,41,50,0.8672,1072.0,0.002
9,2,3,1.0,1.0,42,50,0.8671,1072.0,0.002
9,2,3,1.0,1.0,43,50,0.867,1072.0,0.002
9,2,3,1.0,1.0,44,50,0.867,1072.0,0.002
9,2,3,1.0,1.0,45,50,0.867,1072.0,0.0012
9,2,3,1.0,1.0,46,50,0.867,1072.0,0.0012
9,2,3,1.0,1.0,47,50,0.867,1072.0,0.00044
9,2,3,1.0,1.0,48,50,0.867,1072.0,0.00044
9,2,3,1.0,1.0,49,50,0.8669,1072.0,0.00026
9,2,3,1.0,1.0,50,50,0.8669,1072.0,0.00026
10,2,4,1.0,1.0,0,50,2.3135,1072.0,0.2
10,2,4,1.0,1.0,1,50,2.2201,1072.0,0.12
10,2,4,1.0,1.0,2,50,2.2057,1072.0,0.12
10,2,4,1.0,1.0,3,50,1.8985,1072.0,0.2
10,2,4,1.0,1.0,4,50,1.722,1072.0,0.2
10,2,4,1.0,1.0,5,50,1.3668,1072.0,0.12
10,2,4,1.0,1.0,6,50,1.3618,1072.0,0.12
10,2,4,1.0,1.0,7,50,1.0717,1072.0,0.072
10,2,4,1.0,1.0,8,50,1.0409,1072.0,0.072
10,2,4,1.0,1.0,9,50,0.9624,1072.0,0.072
10,2,4,1.0,1.0,10,50,0.9696,1072.0,0.072
10,2,4,1.0,1.0,11,50,0.9104,1072.0,0.043
10,2,4,1.0,1.0,12,50,0.9018,1072.0,0.043
10,2,4,1.0,1.0,13,50,0.8916,1072.0,0.043
10,2,4,1.0,1.0,14,50,0.903,1072.0,0.043
10,2,4,1.0,1.0,15,50,0.8777,1072.0,0.026
10,2,4,1.0,1.0,16,50,0.8805,1072.0,0.026
10,2,4,1.0,1.0,17,50,0.8725,1072.0,0.0093
10,2,4,1.0,1.0,18,50,0.8713,1072.0,0.0093
10,2,4,1.0,1.0,19,50,0.87,1072.0,0.0093
10,2,4,1.0,1.0,20,50,0.8699,1072.0,0.0093
10,2,4,1.0,1.0,21,50,0.8688,1072.0,0.0056
10,2,4,1.0,1.0,22,50,0.8689,1072.0,0.0056
10,2,4,1.0,1.0,23,50,0.8682,1072.0,0.0034
10,2,4,1.0,1.0,24,50,0.8681,1072.0,0.0034
10,2,4,1.0,1.0,25,50,0.8679,1072.0,0.0034
10,2,4,1.0,1.0,26,50,0.8679,1072.0,0.0034
10,2,4,1.0,1.0,27,50,0.8677,1072.0,0.0034
10,2,4,1.0,1.0,28,50,0.8677,1072.0,0.0034
10,2,4,1.0,1.0,29,50,0.8675,1072.0,0.002
10,2,4,1.0,1.0,30,50,0.8674,1072.0,0.002
10,2,4,1.0,1.0,31,50,0.8674,1072.0,0.002
10,2,4,1.0,1.0,32,50,0.8674,1072.0,0.002
10,2,4,1.0,1.0,33,50,0.8673,1072.0,0.002
10,2,4,1.0,1.0,34,50,0.8673,1072.0,0.002
10,2,4,1.0,1.0,35,50,0.8672,1072.0,0.002
10,2,4,1.0,1.0,36,50,0.8672,1072.0,0.002
10,2,4,1.0,1.0,37,50,0.8671,1072.0,0.0012
10,2,4,1.0,1.0,38,50,0.8671,1072.0,0.0012
10,2,4,1.0,1.0,39,50,0.8671,1072.0,0.0012
10,2,4,1.0,1.0,40,50,0.8671,1072.0,0.0012
10,2,4,1.0,1.0,41,50,0.8671,1072.0,0.0012
10,2,4,1.0,1.0,42,50,0.8671,1072.0,0.0012
10,2,4,1.0,1.0,43,50,0.8671,1072.0,0.0012
10,2,4,1.0,1.0,44,50,0.8671,1072.0,0.0012
10,2,4,1.0,1.0,45,50,0.867,1072.0,0.0012
10,2,4,1.0,1.0,46,50,0.867,1072.0,0.0012
10,2,4,1.0,1.0,47,50,0.867,1072.0,0.00073
10,2,4,1.0,1.0,48,50,0.867,1072.0,0.00073
10,2,4,1.0,1.0,49,50,0.867,1072.0,0.00044
10,2,4,1.0,1.0,50,50,0.867,1072.0,0.00044
11,2,5,1.0,1.0,0,50,2.3135,1072.0,0.2
11,2,5,1.0,1.0,1,50,2.2201,1072.0,0.12
11,2,5,1.0,1.0,2,50,2.2057,1072.0,0.12
11,2,5,1.0,1.0,3,50,1.8805,1072.0,0.2
11,2,5,1.0,1.0,4,50,1.7097,1072.0,0.2
11,2,5,1.0,1.0,5,50,1.2858,1072.0,0.072
11,2,5,1.0,1.0,6,50,1.1342,1072.0,0.072
11,2,5,1.0,1.0,7,50,1.0319,1072.0,0.072
11,2,5,1.0,1.0,8,50,0.965,1072.0,0.072
11,2,5,1.0,1.0,9,50,0.9193,1072.0,0.043
11,2,5,1.0,1.0,10,50,0.9097,1072.0,0.043
11,2,5,1.0,1.0,11,50,0.8895,1072.0,0.026
11,2,5,1.0,1.0,12,50,0.8859,1072.0,0.026
11,2,5,1.0,1.0,13,50,0.8824,1072.0,0.026
11,2,5,1.0,1.0,14,50,0.887,1072.0,0.026
11,2,5,1.0,1.0,15,50,0.8809,1072.0,0.026
11,2,5,1.0,1.0,16,50,0.882,1072.0,0.026
11,2,5,1.0,1.0,17,50,0.8721,1072.0,0.016
11,2,5,1.0,1.0,18,50,0.875,1072.0,0.016
11,2,5,1.0,1.0,19,50,0.8695,1072.0,0.0093
11,2,5,1.0,1.0,20,50,0.8707,1072.0,0.0093
11,2,5,1.0,1.0,21,50,0.869,1072.0,0.0093
11,2,5,1.0,1.0,22,50,0.8702,1072.0,0.0093
11,2,5,1.0,1.0,23,50,0.868,1072.0,0.0056
11,2,5,1.0,1.0,24,50,0.8688,1072.0,0.0056
11,2,5,1.0,1.0,25,50,0.8678,1072.0,0.0056
11,2,5,1.0,1.0,26,50,0.8683,1072.0,0.0056
11,2,5,1.0,1.0,27,50,0.8675,1072.0,0.0034
11,2,5,1.0,1.0,28,50,0.8677,1072.0,0.0034
11,2,5,1.0,1.0,29,50,0.8674,1072.0,0.0034
11,2,5,1.0,1.0,30,50,0.8675,1072.0,0.0034
11,2,5,1.0,1.0,31,50,0.8672,1072.0,0.002
11,2,5,1.0,1.0,32,50,0.8673,1072.0,0.002
11,2,5,1.0,1.0,33,50,0.8672,1072.0,0.002
11,2,5,1.0,1.0,34,50,0.8672,1072.0,0.002
11,2,5,1.0,1.0,35,50,0.8671,1072.0,0.0012
11,2,5,1.0,1.0,36,50,0.8671,1072.0,0.0012
11,2,5,1.0,1.0,37,50,0.869,1072.0,0.0093
11,2,5,1.0,1.0,38,50,0.8685,1072.0,0.0093
11,2,5,1.0,1.0,39,50,0.8673,1072.0,0.002
11,2,5,1.0,1.0,40,50,0.867,1072.0,0.002
11,2,5,1.0,1.0,41,50,0.867,1072.0,0.002
11,2,5,1.0,1.0,42,50,0.867,1072.0,0.002
11,2,5,1.0,1.0,43,50,0.867,1072.0,0.0012
11,2,5,1.0,1.0,44,50,0.867,1072.0,0.0012
11,2,5,1.0,1.0,45,50,0.8669,1072.0,0.00044
11,2,5,1.0,1.0,46,50,0.8669,1072.0,0.00044
11,2,5,1.0,1.0,47,50,0.8669,1072.0,0.00026
11,2,5,1.0,1.0,48,50,0.8669,1072.0,0.00026
11,2,5,1.0,1.0,49,50,0.8669,1072.0,0.00026
11,2,5,1.0,1.0,50,50,0.8669,1072.0,0.00026
12,3,0,1.0,1.0,0,50,2.3135,1072.0,0.2
12,3,0,1.0,1.0,1,50,2.2201,1072.0,0.12
12,3,0,1.0,1.0,2,50,2.2057,1072.0,0.12
12,3,0,1.0,1.0,3,50,1.9585,1072.0,0.12
12,3,0,1.0,1.0,4,50,1.6853,1072.0,0.043
12,3,0,1.0,1.0,5,50,1.4289,1072.0,0.043
12,3,0,1.0,1.0,6,50,1.2458,1072.0,0.043
12,3,0,1.0,1.0,7,50,1.1663,1072.0,0.043
12,3,0,1.0,1.0,8,50,1.045,1072.0,0.043
12,3,0,1.0,1.0,9,50,0.9878,1072.0,0.043
12,3,0,1.0,1.0,10,50,0.9511,1072.0,0.016
12,3,0,1.0,1.0,11,50,0.9112,1072.0,0.016
12,3,0,1.0,1.0,12,50,0.8993,1072.0,0.016
12,3,0,1.0,1.0,13,50,0.8917,1072.0,0.0056
12,3,0,1.0,1.0,14,50,0.8862,1072.0,0.0056
12,3,0,1.0,1.0,15,50,0.8828,1072.0,0.0056
12,3,0,1.0,1.0,16,50,0.8812,1072.0,0.0034
12,3,0,1.0,1.0,17,50,0.8791,1072.0,0.0034
12,3,0,1.0,1.0,18,50,0.8779,1072.0,0.0034
12,3,0,1.0,1.0,19,50,0.877,1072.0,0.002
12,3,0,1.0,1.0,20,50,0.8758,1072.0,0.002
12,3,0,1.0,1.0,21,50,0.875,1072.0,0.002
12,3,0,1.0,1.0,22,50,0.8742,1072.0,0.0034
12,3,0,1.0,1.0,23,50,0.8741,1072.0,0.0034
12,3,0,1.0,1.0,24,50,0.8732,1072.0,0.0034
12,3,0,1.0,1.0,25,50,0.8727,1072.0,0.002
12,3,0,1.0,1.0,26,50,0.8719,1072.0,0.002
12,3,0,1.0,1.0,27,50,0.8716,1072.0,0.002
12,3,0,1.0,1.0,28,50,0.8713,1072.0,0.0012
12,3,0,1.0,1.0,29,50,0.8709,1072.0,0.0012
12,3,0,1.0,1.0,30,50,0.8707,1072.0,0.0012
12,3,0,1.0,1.0,31,50,0.8706,1072.0,0.0012
12,3,0,1.0,1.0,32,50,0.8702,1072.0,0.0012
12,3,0,1.0,1.0,33,50,0.8701,1072.0,0.0012
12,3,0,1.0,1.0,34,50,0.87,1072.0,0.0012
12,3,0,1.0,1.0,35,50,0.8697,1072.0,0.0012
12,3,0,1.0,1.0,36,50,0.8696,1072.0,0.0012
12,3,0,1.0,1.0,37,50,0.8694,1072.0,0.00073
12,3,0,1.0,1.0,38,50,0.8693,1072.0,0.00073
12,3,0,1.0,1.0,39,50,0.8692,1072.0,0.00073
12,3,0,1.0,1.0,40,50,0.869,1072.0,0.0012
12,3,0,1.0,1.0,41,50,0.869,1072.0,0.0012
12,3,0,1.0,1.0,42,50,0.8688,1072.0,0.0012
12,3,0,1.0,1.0,43,50,0.8688,1072.0,0.00073
12,3,0,1.0,1.0,44,50,0.8686,1072.0,0.00073
12,3,0,1.0,1.0,45,50,0.8685,1072.0,0.00073
12,3,0,1.0,1.0,46,50,0.8685,1072.0,0.00073
12,3,0,1.0,1.0,47,50,0.8684,1072.0,0.00073
12,3,0,1.0,1.0,48,50,0.8683,1072.0,0.00073
12,3,0,1.0,1.0,49,50,0.8683,1072.0,0.00044
12,3,0,1.0,1.0,50,50,0.8682,1072.0,0.00044
13,3,1,1.0,1.0,0,50,2.3135,1072.0,0.2
13,3,1,1.0,1.0,1,50,2.2279,1072.0,0.2
13,3,1,1.0,1.0,2,50,2.2034,1072.0,0.2
13,3,1,1.0,1.0,3,50,1.9733,1072.0,0.2
13,3,1,1.0,1.0,4,50,1.7037,1072.0,0.12
13,3,1,1.0,1.0,5,50,1.466,1072.0,0.12
13,3,1,1.0,1.0,6,50,1.3754,1072.0,0.12
13,3,1,1.0,1.0,7,50,1.2462,1072.0,0.12
13,3,1,1.0,1.0,8,50,1.1338,1072.0,0.12
13,3,1,1.0,1.0,9,50,1.0985,1072.0,0.12
13,3,1,1.0,1.0,10,50,0.979,1072.0,0.072
13,3,1,1.0,1.0,11,50,0.9397,1072.0,0.072
13,3,1,1.0,1.0,12,50,0.943,1072.0,0.072
13,3,1,1.0,1.0,13,50,0.8979,1072.0,0.026
13,3,1,1.0,1.0,14,50,0.8881,1072.0,0.026
13,3,1,1.0,1.0,15,50,0.885,1072.0,0.026
13,3,1,1.0,1.0,16,50,0.8765,1072.0,0.016
13,3,1,1.0,1.0,17,50,0.8747,1072.0,0.016
13,3,1,1.0,1.0,18,50,0.8756,1072.0,0.016
13,3,1,1.0,1.0,19,50,0.8718,1072.0,0.0093
13,3,1,1.0,1.0,20,50,0.8715,1072.0,0.0093
13,3,1,1.0,1.0,21,50,0.8703,1072.0,0.0093
13,3,1,1.0,1.0,22,50,0.8708,1072.0,0.0093
13,3,1,1.0,1.0,23,50,0.8698,1072.0,0.0093
13,3,1,1.0,1.0,24,50,0.87,1072.0,0.0093
13,3,1,1.0,1.0,25,50,0.8688,1072.0,0.0056
13,3,1,1.0,1.0,26,50,0.8685,1072.0,0.0056
13,3,1,1.0,1.0,27,50,0.8683,1072.0,0.0056
13,3,1,1.0,1.0,28,50,0.8685,1072.0,0.0056
13,3,1,1.0,1.0,29,50,0.868,1072.0,0.0056
13,3,1,1.0,1.0,30,50,0.8682,1072.0,0.0056
13,3,1,1.0,1.0,31,50,0.8677,1072.0,0.0034
13,3,1,1.0,1.0,32,50,0.8677,1072.0,0.0034
13,3,1,1.0,1.0,33,50,0.8675,1072.0,0.0034
13,3,1,1.0,1.0,34,50,0.8676,1072.0,0.0034
13,3,1,1.0,1.0,35,50,0.8674,1072.0,0.0034
13,3,1,1.0,1.0,36,50,0.8675,1072.0,0.0034
13,3,1,1.0,1.0,37,50,0.8673,1072.0,0.002
13,3,1,1.0,1.0,38,50,0.8673,1072.0,0.002
13,3,1,1.0,1.0,39,50,0.8672,1072.0,0.002
13,3,1,1.0,1.0,40,50,0.8672,1072.0,0.002
13,3,1,1.0,1.0,41,50,0.8672,1072.0,0.002
13,3,1,1.0,1.0,42,50,0.8672,1072.0,0.002
13,3,1,1.0,1.0,43,50,0.8675,1072.0,0.0034
13,3,1,1.0,1.0,44,50,0.8671,1072.0,0.0034
13,3,1,1.0,1.0,45,50,0.8674,1072.0,0.0034
13,3,1,1.0,1.0,46,50,0.8671,1072.0,0.002
13,3,1,1.0,1.0,47,50,0.8672,1072.0,0.002
13,3,1,1.0,1.0,48,50,0.867,1072.0,0.002
13,3,1,1.0,1.0,49,50,0.8672,1072.0,0.002
13,3,1,1.0,1.0,50,50,0.867,1072.0,0.002
14,3,2,1.0,1.0,0,50,2.3135,1072.0,0.2
14,3,2,1.0,1.0,1,50,2.2201,1072.0,0.12
14,3,2,1.0,1.0,2,50,2.2057,1072.0,0.12
14,3,2,1.0,1.0,3,50,1.9585,1072.0,0.12
14,3,2,1.0,1.0,4,50,1.6737,1072.0,0.072
14,3,2,1.0,1.0,5,50,1.3993,1072.0,0.072
14,3,2,1.0,1.0,6,50,1.2461,1072.0,0.072
14,3,2,1.0,1.0,7,50,1.1163,1072.0,0.026
14,3,2,1.0,1.0,8,50,1.0187,1072.0,0.026
14,3,2,1.0,1.0,9,50,0.9544,1072.0,0.026
14,3,2,1.0,1.0,10,50,0.9323,1072.0,0.016
14,3,2,1.0,1.0,11,50,0.9087,1072.0,0.016
14,3,2,1.0,1.0,12,50,0.9008,1072.0,0.016
14,3,2,1.0,1.0,13,50,0.8932,1072.0,0.0093
14,3,2,1.0,1.0,14,50,0.8846,1072.0,0.0093
14,3,2,1.0,1.0,15,50,0.8844,1072.0,0.0093
14,3,2,1.0,1.0,16,50,0.8802,1072.0,0.0056
14,3,2,1.0,1.0,17,50,0.8771,1072.0,0.0056
14,3,2,1.0,1.0,18,50,0.8766,1072.0,0.0056
14,3,2,1.0,1.0,19,50,0.8767,1072.0,0.0056
14,3,2,1.0,1.0,20,50,0.8741,1072.0,0.0056
14,3,2,1.0,1.0,21,50,0.8745,1072.0,0.0056
14,3,2,1.0,1.0,22,50,0.8725,1072.0,0.0034
14,3,2,1.0,1.0,23,50,0.8718,1072.0,0.0034
14,3,2,1.0,1.0,24,50,0.8713,1072.0,0.0034
14,3,2,1.0,1.0,25,50,0.8714,1072.0,0.0034
14,3,2,1.0,1.0,26,50,0.8706,1072.0,0.0034
14,3,2,1.0,1.0,27,50,0.8705,1072.0,0.0034
14,3,2,1.0,1.0,28,50,0.87,1072.0,0.002
14,3,2,1.0,1.0,29,50,0.8696,1072.0,0.002
14,3,2,1.0,1.0,30,50,0.8694,1072.0,0.002
14,3,2,1.0,1.0,31,50,0.8702,1072.0,0.0034
14,3,2,1.0,1.0,32,50,0.8693,1072.0,0.0034
14,3,2,1.0,1.0,33,50,0.8695,1072.0,0.0034
14,3,2,1.0,1.0,34,50,0.8689,1072.0,0.002
14,3,2,1.0,1.0,35,50,0.8686,1072.0,0.002
14,3,2,1.0,1.0,36,50,0.8685,1072.0,0.002
14,3,2,1.0,1.0,37,50,0.8685,1072.0,0.002
14,3,2,1.0,1.0,38,50,0.8683,1072.0,0.002
14,3,2,1.0,1.0,39,50,0.8683,1072.0,0.002
14,3,2,1.0,1.0,40,50,0.8681,1072.0,0.0012
14,3,2,1.0,1.0,41,50,0.8679,1072.0,0.0012
14,3,2,1.0,1.0,42,50,0.8679,1072.0,0.0012
14,3,2,1.0,1.0,43,50,0.8679,1072.0,0.0012
14,3,2,1.0,1.0,44,50,0.8678,1072.0,0.0012
14,3,2,1.0,1.0,45,50,0.8678,1072.0,0.0012
14,3,2,1.0,1.0,46,50,0.8678,1072.0,0.0012
14,3,2,1.0,1.0,47,50,0.8677,1072.0,0.0012
14,3,2,1.0,1.0,48,50,0.8677,1072.0,0.0012
14,3,2,1.0,1.0,49,50,0.8675,1072.0,0.00073
14,3,2,1.0,1.0,50,50,0.8675,1072.0,0.00073
15,3,3,1.0,1.0,0,50,2.3135,1072.0,0.2
15,3,3,1.0,1.0,1,50,2.2201,1072.0,0.12
15,3,3,1.0,1.0,2,50,2.2057,1072.0,0.12
15,3,3,1.0,1.0,3,50,1.9585,1072.0,0.12
15,3,3,1.0,1.0,4,50,1.6646,1072.0,0.072
15,3,3,1.0,1.0,5,50,1.3857,1072.0,0.072
15,3,3,1.0,1.0,6,50,1.2348,1072.0,0.072
15,3,3,1.0,1.0,7,50,1.1047,1072.0,0.043
15,3,3,1.0,1.0,8,50,0.9991,1072.0,0.043
15,3,3,1.0,1.0,9,50,0.9571,1072.0,0.043
15,3,3,1.0,1.0,10,50,0.927,1072.0,0.026
15,3,3,1.0,1.0,11,50,0.9027,1072.0,0.026
15,3,3,1.0,1.0,12,50,0.907,1072.0,0.026
15,3,3,1.0,1.0,13,50,0.8883,1072.0,0.016
15,3,3,1.0,1.0,14,50,0.8877,1072.0,0.016
15,3,3,1.0,1.0,15,50,0.8854,1072.0,0.016
15,3,3,1.0,1.0,16,50,0.883,1072.0,0.016
15,3,3,1.0,1.0,17,50,0.8799,1072.0,0.016
15,3,3,1.0,1.0,18,50,0.8793,1072.0,0.016
15,3,3,1.0,1.0,19,50,0.8734,1072.0,0.0093
15,3,3,1.0,1.0,20,50,0.8741,1072.0,0.0093
15,3,3,1.0,1.0,21,50,0.8725,1072.0,0.0093
15,3,3,1.0,1.0,22,50,0.8736,1072.0,0.0093
15,3,3,1.0,1.0,23,50,0.8713,1072.0,0.0093
15,3,3,1.0,1.0,24,50,0.872,1072.0,0.0093
15,3,3,1.0,1.0,25,50,0.8697,1072.0,0.0056
15,3,3,1.0,1.0,26,50,0.8697,1072.0,0.0056
15,3,3,1.0,1.0,27,50,0.8691,1072.0,0.0056
15,3,3,1.0,1.0,28,50,0.8685,1072.0,0.0034
15,3,3,1.0,1.0,29,50,0.8682,1072.0,0.0034
15,3,3,1.0,1.0,30,50,0.8684,1072.0,0.0034
15,3,3,1.0,1.0,31,50,0.8694,1072.0,0.0056
15,3,3,1.0,1.0,32,50,0.8682,1072.0,0.0056
15,3,3,1.0,1.0,33,50,0.869,1072.0,0.0056
15,3,3,1.0,1.0,34,50,0.8678,1072.0,0.0034
15,3,3,1.0,1.0,35,50,0.8686,1072.0,0.0034
15,3,3,1.0,1.0,36,50,0.8675,1072.0,0.0034
15,3,3,1.0,1.0,37,50,0.868,1072.0,0.0034
15,3,3,1.0,1.0,38,50,0.8676,1072.0,0.0034
15,3,3,1.0,1.0,39,50,0.8677,1072.0,0.0034
15,3,3,1.0,1.0,40,50,0.8674,1072.0,0.002
15,3,3,1.0,1.0,41,50,0.8673,1072.0,0.002
15,3,3,1.0,1.0,42,50,0.8673,1072.0,0.002
15,3,3,1.0,1.0,43,50,0.8672,1072.0,0.0012
15,3,3,1.0,1.0,44,50,0.8672,1072.0,0.0012
15,3,3,1.0,1.0,45,50,0.8672,1072.0,0.0012
15,3,3,1.0,1.0,46,50,0.8672,1072.0,0.00073
15,3,3,1.0,1.0,47,50,0.8671,1072.0,0.00073
15,3,3,1.0,1.0,48,50,0.8671,1072.0,0.00073
15,3,3,1.0,1.0,49,50,0.8671,1072.0,0.00044
15,3,3,1.0,1.0,50,50,0.8671,1072.0,0.00044
16,3,4,1.0,1.0,0,50,2.3135,1072.0,0.2
16,3,4,1.0,1.0,1,50,2.2201,1072.0,0.12
16,3,4,1.0,1.0,2,50,2.2057,1072.0,0.12
16,3,4,1.0,1.0,3,50,1.9585,1072.0,0.12
16,3,4,1.0,1.0,4,50,1.7096,1072.0,0.12
16,3,4,1.0,1.0,5,50,1.5086,1072.0,0.12
16,3,4,1.0,1.0,6,50,1.3728,1072.0,0.12
16,3,4,1.0,1.0,7,50,1.1454,1072.0,0.072
16,3,4,1.0,1.0,8,50,1.0172,1072.0,0.072
16,3,4,1.0,1.0,9,50,1.0002,1072.0,0.072
16,3,4,1.0,1.0,10,50,0.9334,1072.0,0.043
16,3,4,1.0,1.0,11,50,0.9111,1072.0,0.043
16,3,4,1.0,1.0,12,50,0.9135,1072.0,0.043
16,3,4,1.0,1.0,13,50,0.8979,1072.0,0.043
16,3,4,1.0,1.0,14,50,0.901,1072.0,0.043
16,3,4,1.0,1.0,15,50,0.898,1072.0,0.043
16,3,4,1.0,1.0,16,50,0.8785,1072.0,0.016
16,3,4,1.0,1.0,17,50,0.8754,1072.0,0.016
16,3,4,1.0,1.0,18,50,0.8728,1072.0,0.016
16,3,4,1.0,1.0,19,50,0.874,1072.0,0.016
16,3,4,1.0,1.0,20,50,0.8721,1072.0,0.016
16,3,4,1.0,1.0,21,50,0.8726,1072.0,0.016
16,3,4,1.0,1.0,22,50,0.8695,1072.0,0.0093
16,3,4,1.0,1.0,23,50,0.8702,1072.0,0.0093
16,3,4,1.0,1.0,24,50,0.869,1072.0,0.0093
16,3,4,1.0,1.0,25,50,0.87,1072.0,0.0093
16,3,4,1.0,1.0,26,50,0.8687,1072.0,0.0093
16,3,4,1.0,1.0,27,50,0.8693,1072.0,0.0093
16,3,4,1.0,1.0,28,50,0.8679,1072.0,0.0056
16,3,4,1.0,1.0,29,50,0.8684,1072.0,0.0056
16,3,4,1.0,1.0,30,50,0.8676,1072.0,0.0056
16,3,4,1.0,1.0,31,50,0.8682,1072.0,0.0056
16,3,4,1.0,1.0,32,50,0.8676,1072.0,0.0056
16,3,4,1.0,1.0,33,50,0.8679,1072.0,0.0056
16,3,4,1.0,1.0,34,50,0.8673,1072.0,0.0034
16,3,4,1.0,1.0,35,50,0.8675,1072.0,0.0034
16,3,4,1.0,1.0,36,50,0.8672,1072.0,0.0034
16,3,4,1.0,1.0,37,50,0.8674,1072.0,0.0034
16,3,4,1.0,1.0,38,50,0.8672,1072.0,0.0034
16,3,4,1.0,1.0,39,50,0.8673,1072.0,0.0034
16,3,4,1.0,1.0,40,50,0.8671,1072.0,0.002
16,3,4,1.0,1.0,41,50,0.8672,1072.0,0.002
16,3,4,1.0,1.0,42,50,0.867,1072.0,0.002
16,3,4,1.0,1.0,43,50,0.8671,1072.0,0.002
16,3,4,1.0,1.0,44,50,0.867,1072.0,0.002
16,3,4,1.0,1.0,45,50,0.8671,1072.0,0.002
16,3,4,1.0,1.0,46,50,0.867,1072.0,0.0012
16,3,4,1.0,1.0,47,50,0.867,1072.0,0.0012
16,3,4,1.0,1.0,48,50,0.867,1072.0,0.0012
16,3,4,1.0,1.0,49,50,0.867,1072.0,0.00044
16,3,4,1.0,1.0,50,50,0.867,1072.0,0.00044
17,3,5,1.0,1.0,0,50,2.3135,1072.0,0.2
17,3,5,1.0,1.0,1,50,2.2279,1072.0,0.2
17,3,5,1.0,1.0,2,50,2.2034,1072.0,0.2
17,3,5,1.0,1.0,3,50,1.9733,1072.0,0.2
17,3,5,1.0,1.0,4,50,1.6932,1072.0,0.12
17,3,5,1.0,1.0,5,50,1.4217,1072.0,0.12
17,3,5,1.0,1.0,6,50,1.3204,1072.0,0.12
17,3,5,1.0,1.0,7,50,1.1464,1072.0,0.072
17,3,5,1.0,1.0,8,50,1.0257,1072.0,0.072
17,3,5,1.0,1.0,9,50,1.0105,1072.0,0.072
17,3,5,1.0,1.0,10,50,0.9408,1072.0,0.043
17,3,5,1.0,1.0,11,50,0.9096,1072.0,0.043
17,3,5,1.0,1.0,12,50,0.9138,1072.0,0.043
17,3,5,1.0,1.0,13,50,0.8891,1072.0,0.026
17,3,5,1.0,1.0,14,50,0.8908,1072.0,0.026
17,3,5,1.0,1.0,15,50,0.8843,1072.0,0.026
17,3,5,1.0,1.0,16,50,0.8836,1072.0,0.026
17,3,5,1.0,1.0,17,50,0.8804,1072.0,0.026
17,3,5,1.0,1.0,18,50,0.8802,1072.0,0.026
17,3,5,1.0,1.0,19,50,0.8738,1072.0,0.016
17,3,5,1.0,1.0,20,50,0.8741,1072.0,0.016
17,3,5,1.0,1.0,21,50,0.8733,1072.0,0.016
17,3,5,1.0,1.0,22,50,0.8701,1072.0,0.0093
17,3,5,1.0,1.0,23,50,0.8702,1072.0,0.0093
17,3,5,1.0,1.0,24,50,0.8698,1072.0,0.0093
17,3,5,1.0,1.0,25,50,0.8688,1072.0,0.0056
17,3,5,1.0,1.0,26,50,0.8685,1072.0,0.0056
17,3,5,1.0,1.0,27,50,0.8687,1072.0,0.0056
17,3,5,1.0,1.0,28,50,0.8681,1072.0,0.0034
17,3,5,1.0,1.0,29,50,0.868,1072.0,0.0034
17,3,5,1.0,1.0,30,50,0.8678,1072.0,0.0034
17,3,5,1.0,1.0,31,50,0.871,1072.0,0.0093
17,3,5,1.0,1.0,32,50,0.868,1072.0,0.0093
17,3,5,1.0,1.0,33,50,0.8695,1072.0,0.0093
17,3,5,1.0,1.0,34,50,0.8678,1072.0,0.0056
17,3,5,1.0,1.0,35,50,0.8683,1072.0,0.0056
17,3,5,1.0,1.0,36,50,0.8674,1072.0,0.0056
17,3,5,1.0,1.0,37,50,0.868,1072.0,0.0056
17,3,5,1.0,1.0,38,50,0.8675,1072.0,0.0056
17,3,5,1.0,1.0,39,50,0.8677,1072.0,0.0056
17,3,5,1.0,1.0,40,50,0.8672,1072.0,0.0034
17,3,5,1.0,1.0,41,50,0.8676,1072.0,0.0034
17,3,5,1.0,1.0,42,50,0.8671,1072.0,0.0034
17,3,5,1.0,1.0,43,50,0.8682,1072.0,0.0056
17,3,5,1.0,1.0,44,50,0.8672,1072.0,0.0056
17,3,5,1.0,1.0,45,50,0.8678,1072.0,0.0056
17,3,5,1.0,1.0,46,50,0.8672,1072.0,0.0034
17,3,5,1.0,1.0,47,50,0.8674,1072.0,0.0034
17,3,5,1.0,1.0,48,50,0.867,1072.0,0.0034
17,3,5,1.0,1.0,49,50,0.8675,1072.0,0.0034
17,3,5,1.0,1.0,50,50,0.867,1072.0,0.0034
18,4,0,1.0,1.0,0,50,2.3135,1072.0,0.2
18,4,0,1.0,1.0,1,50,2.2201,1072.0,0.12
18,4,0,1.0,1.0,2,50,2.2057,1072.0,0.12
18,4,0,1.0,1.0,3,50,1.9585,1072.0,0.12
18,4,0,1.0,1.0,4,50,1.7667,1072.0,0.12
18,4,0,1.0,1.0,5,50,1.5074,1072.0,0.043
18,4,0,1.0,1.0,6,50,1.2793,1072.0,0.043
18,4,0,1.0,1.0,7,50,1.1319,1072.0,0.043
18,4,0,1.0,1.0,8,50,1.0595,1072.0,0.043
18,4,0,1.0,1.0,9,50,0.9923,1072.0,0.016
18,4,0,1.0,1.0,10,50,0.948,1072.0,0.016
18,4,0,1.0,1.0,11,50,0.9171,1072.0,0.016
18,4,0,1.0,1.0,12,50,0.9077,1072.0,0.016
18,4,0,1.0,1.0,13,50,0.8951,1072.0,0.0056
18,4,0,1.0,1.0,14,50,0.8906,1072.0,0.0056
18,4,0,1.0,1.0,15,50,0.8855,1072.0,0.0056
18,4,0,1.0,1.0,16,50,0.8826,1072.0,0.0056
18,4,0,1.0,1.0,17,50,0.8806,1072.0,0.0034
18,4,0,1.0,1.0,18,50,0.8788,1072.0,0.0034
18,4,0,1.0,1.0,19,50,0.8776,1072.0,0.0034
18,4,0,1.0,1.0,20,50,0.8765,1072.0,0.0034
18,4,0,1.0,1.0,21,50,0.8754,1072.0,0.0034
18,4,0,1.0,1.0,22,50,0.8748,1072.0,0.0034
18,4,0,1.0,1.0,23,50,0.874,1072.0,0.0034
18,4,0,1.0,1.0,24,50,0.8734,1072.0,0.0034
18,4,0,1.0,1.0,25,50,0.8725,1072.0,0.002
18,4,0,1.0,1.0,26,50,0.8719,1072.0,0.002
18,4,0,1.0,1.0,27,50,0.8716,1072.0,0.002
18,4,0,1.0,1.0,28,50,0.8713,1072.0,0.002
18,4,0,1.0,1.0,29,50,0.8709,1072.0,0.002
18,4,0,1.0,1.0,30,50,0.8707,1072.0,0.002
18,4,0,1.0,1.0,31,50,0.8704,1072.0,0.002
18,4,0,1.0,1.0,32,50,0.8702,1072.0,0.002
18,4,0,1.0,1.0,33,50,0.8698,1072.0,0.0012
18,4,0,1.0,1.0,34,50,0.8696,1072.0,0.0012
18,4,0,1.0,1.0,35,50,0.8695,1072.0,0.0012
18,4,0,1.0,1.0,36,50,0.8693,1072.0,0.0012
18,4,0,1.0,1.0,37,50,0.8691,1072.0,0.0012
18,4,0,1.0,1.0,38,50,0.8691,1072.0,0.0012
18,4,0,1.0,1.0,39,50,0.8689,1072.0,0.0012
18,4,0,1.0,1.0,40,50,0.8688,1072.0,0.0012
18,4,0,1.0,1.0,41,50,0.8687,1072.0,0.00073
18,4,0,1.0,1.0,42,50,0.8686,1072.0,0.00073
18,4,0,1.0,1.0,43,50,0.8685,1072.0,0.00073
18,4,0,1.0,1.0,44,50,0.8684,1072.0,0.00073
18,4,0,1.0,1.0,45,50,0.8683,1072.0,0.00073
18,4,0,1.0,1.0,46,50,0.8683,1072.0,0.00073
18,4,0,1.0,1.0,47,50,0.8682,1072.0,0.00073
18,4,0,1.0,1.0,48,50,0.8682,1072.0,0.00073
18,4,0,1.0,1.0,49,50,0.8681,1072.0,0.00073
18,4,0,1.0,1.0,50,50,0.868,1072.0,0.00073
19,4,1,1.0,1.0,0,50,2.3135,1072.0,0.2
19,4,1,1.0,1.0,1,50,2.2201,1072.0,0.12
19,4,1,1.0,1.0,2,50,2.2057,1072.0,0.12
19,4,1,1.0,1.0,3,50,1.9585,1072.0,0.12
19,4,1,1.0,1.0,4,50,1.7667,1072.0,0.12
19,4,1,1.0,1.0,5,50,1.5139,1072.0,0.072
19,4,1,1.0,1.0,6,50,1.2993,1072.0,0.072
19,4,1,1.0,1.0,7,50,1.2201,1072.0,0.072
19,4,1,1.0,1.0,8,50,1.0791,1072.0,0.072
19,4,1,1.0,1.0,9,50,0.9829,1072.0,0.026
19,4,1,1.0,1.0,10,50,0.9363,1072.0,0.026
19,4,1,1.0,1.0,11,50,0.9139,1072.0,0.026
19,4,1,1.0,1.0,12,50,0.9099,1072.0,0.026
19,4,1,1.0,1.0,13,50,0.8929,1072.0,0.016
19,4,1,1.0,1.0,14,50,0.8841,1072.0,0.016
19,4,1,1.0,1.0,15,50,0.8859,1072.0,0.016
19,4,1,1.0,1.0,16,50,0.8804,1072.0,0.016
19,4,1,1.0,1.0,17,50,0.8757,1072.0,0.0093
19,4,1,1.0,1.0,18,50,0.8746,1072.0,0.0093
19,4,1,1.0,1.0,19,50,0.8749,1072.0,0.0093
19,4,1,1.0,1.0,20,50,0.8731,1072.0,0.0093
19,4,1,1.0,1.0,21,50,0.875,1072.0,0.0093
19,4,1,1.0,1.0,22,50,0.8712,1072.0,0.0093
19,4,1,1.0,1.0,23,50,0.8732,1072.0,0.0093
19,4,1,1.0,1.0,24,50,0.871,1072.0,0.0093
19,4,1,1.0,1.0,25,50,0.8736,1072.0,0.0093
19,4,1,1.0,1.0,26,50,0.8698,1072.0,0.0093
19,4,1,1.0,1.0,27,50,0.8721,1072.0,0.0093
19,4,1,1.0,1.0,28,50,0.8701,1072.0,0.0093
19,4,1,1.0,1.0,29,50,0.8727,1072.0,0.0093
19,4,1,1.0,1.0,30,50,0.8692,1072.0,0.0093
19,4,1,1.0,1.0,31,50,0.8715,1072.0,0.0093
19,4,1,1.0,1.0,32,50,0.8694,1072.0,0.0093
19,4,1,1.0,1.0,33,50,0.8678,1072.0,0.0034
19,4,1,1.0,1.0,34,50,0.8683,1072.0,0.0034
19,4,1,1.0,1.0,35,50,0.8676,1072.0,0.0034
19,4,1,1.0,1.0,36,50,0.8678,1072.0,0.0034
19,4,1,1.0,1.0,37,50,0.8677,1072.0,0.0034
19,4,1,1.0,1.0,38,50,0.8677,1072.0,0.0034
19,4,1,1.0,1.0,39,50,0.8676,1072.0,0.0034
19,4,1,1.0,1.0,40,50,0.8676,1072.0,0.0034
19,4,1,1.0,1.0,41,50,0.8676,1072.0,0.0034
19,4,1,1.0,1.0,42,50,0.8675,1072.0,0.0034
19,4,1,1.0,1.0,43,50,0.8675,1072.0,0.0034
19,4,1,1.0,1.0,44,50,0.8675,1072.0,0.0034
19,4,1,1.0,1.0,45,50,0.8675,1072.0,0.0034
19,4,1,1.0,1.0,46,50,0.8674,1072.0,0.0034
19,4,1,1.0,1.0,47,50,0.8674,1072.0,0.0034
19,4,1,1.0,1.0,48,50,0.8674,1072.0,0.0034
19,4,1,1.0,1.0,49,50,0.8671,1072.0,0.00073
19,4,1,1.0,1.0,50,50,0.8671,1072.0,0.00073
20,4,2,1.0,1.0,0,50,2.3135,1072.0,0.2
20,4,2,1.0,1.0,1,50,2.2201,1072.0,0.12
20,4,2,1.0,1.0,2,50,2.2057,1072.0,0.12
20,4,2,1.0,1.0,3,50,1.9585,1072.0,0.12
20,4,2,1.0,1.0,4,50,1.7667,1072.0,0.12
20,4,2,1.0,1.0,5,50,1.5057,1072.0,0.043
20,4,2,1.0,1.0,6,50,1.2723,1072.0,0.043
20,4,2,1.0,1.0,7,50,1.1253,1072.0,0.043
20,4,2,1.0,1.0,8,50,1.0681,1072.0,0.043
20,4,2,1.0,1.0,9,50,0.9932,1072.0,0.016
20,4,2,1.0,1.0,10,50,0.9499,1072.0,0.016
20,4,2,1.0,1.0,11,50,0.9173,1072.0,0.016
20,4,2,1.0,1.0,12,50,0.9062,1072.0,0.016
20,4,2,1.0,1.0,13,50,0.896,1072.0,0.0093
20,4,2,1.0,1.0,14,50,0.8886,1072.0,0.0093
20,4,2,1.0,1.0,15,50,0.8867,1072.0,0.0093
20,4,2,1.0,1.0,16,50,0.8833,1072.0,0.0093
20,4,2,1.0,1.0,17,50,0.8791,1072.0,0.0056
20,4,2,1.0,1.0,18,50,0.8769,1072.0,0.0056
20,4,2,1.0,1.0,19,50,0.8766,1072.0,0.0056
20,4,2,1.0,1.0,20,50,0.8752,1072.0,0.0056
20,4,2,1.0,1.0,21,50,0.8736,1072.0,0.0034
20,4,2,1.0,1.0,22,50,0.8728,1072.0,0.0034
20,4,2,1.0,1.0,23,50,0.8724,1072.0,0.0034
20,4,2,1.0,1.0,24,50,0.8719,1072.0,0.0034
20,4,2,1.0,1.0,25,50,0.8713,1072.0,0.0034
20,4,2,1.0,1.0,26,50,0.8712,1072.0,0.0034
20,4,2,1.0,1.0,27,50,0.8707,1072.0,0.0034
20,4,2,1.0,1.0,28,50,0.8705,1072.0,0.0034
20,4,2,1.0,1.0,29,50,0.8701,1072.0,0.0034
20,4,2,1.0,1.0,30,50,0.8701,1072.0,0.0034
20,4,2,1.0,1.0,31,50,0.8698,1072.0,0.0034
20,4,2,1.0,1.0,32,50,0.8697,1072.0,0.0034
20,4,2,1.0,1.0,33,50,0.869,1072.0,0.002
20,4,2,1.0,1.0,34,50,0.8688,1072.0,0.002
20,4,2,1.0,1.0,35,50,0.8689,1072.0,0.002
20,4,2,1.0,1.0,36,50,0.8686,1072.0,0.002
20,4,2,1.0,1.0,37,50,0.8685,1072.0,0.002
20,4,2,1.0,1.0,38,50,0.8685,1072.0,0.002
20,4,2,1.0,1.0,39,50,0.8683,1072.0,0.002
20,4,2,1.0,1.0,40,50,0.8683,1072.0,0.002
20,4,2,1.0,1.0,41,50,0.8682,1072.0,0.002
20,4,2,1.0,1.0,42,50,0.8682,1072.0,0.002
20,4,2,1.0,1.0,43,50,0.8681,1072.0,0.002
20,4,2,1.0,1.0,44,50,0.868,1072.0,0.002
20,4,2,1.0,1.0,45,50,0.8678,1072.0,0.0012
20,4,2,1.0,1.0,46,50,0.8677,1072.0,0.0012
20,4,2,1.0,1.0,47,50,0.8677,1072.0,0.0012
20,4,2,1.0,1.0,48,50,0.8677,1072.0,0.0012
20,4,2,1.0,1.0,49,50,0.8676,1072.0,0.00073
20,4,2,1.0,1.0,50,50,0.8675,1072.0,0.00073
21,4,3,1.0,1.0,0,50,2.3135,1072.0,0.2
21,4,3,1.0,1.0,1,50,2.2201,1072.0,0.12
21,4,3,1.0,1.0,2,50,2.2057,1072.0,0.12
21,4,3,1.0,1.0,3,50,1.9585,1072.0,0.12
21,4,3,1.0,1.0,4,50,1.7667,1072.0,0.12
21,4,3,1.0,1.0,5,50,1.4947,1072.0,0.072
21,4,3,1.0,1.0,6,50,1.259,1072.0,0.072
21,4,3,1.0,1.0,7,50,1.149,1072.0,0.072
21,4,3,1.0,1.0,8,50,1.1141,1072.0,0.072
21,4,3,1.0,1.0,9,50,0.9878,1072.0,0.026
21,4,3,1.0,1.0,10,50,0.9389,1072.0,0.026
21,4,3,1.0,1.0,11,50,0.9086,1072.0,0.026
21,4,3,1.0,1.0,12,50,0.9065,1072.0,0.026
21,4,3,1.0,1.0,13,50,0.8922,1072.0,0.016
21,4,3,1.0,1.0,14,50,0.8859,1072.0,0.016
21,4,3,1.0,1.0,15,50,0.8867,1072.0,0.016
21,4,3,1.0,1.0,16,50,0.8807,1072.0,0.016
21,4,3,1.0,1.0,17,50,0.8842,1072.0,0.016
21,4,3,1.0,1.0,18,50,0.877,1072.0,0.016
21,4,3,1.0,1.0,19,50,0.8807,1072.0,0.016
21,4,3,1.0,1.0,20,50,0.877,1072.0,0.016
21,4,3,1.0,1.0,21,50,0.8716,1072.0,0.0093
21,4,3,1.0,1.0,22,50,0.8728,1072.0,0.0093
21,4,3,1.0,1.0,23,50,0.8717,1072.0,0.0093
21,4,3,1.0,1.0,24,50,0.8716,1072.0,0.0093
21,4,3,1.0,1.0,25,50,0.8692,1072.0,0.0056
21,4,3,1.0,1.0,26,50,0.8692,1072.0,0.0056
21,4,3,1.0,1.0,27,50,0.8693,1072.0,0.0056
21,4,3,1.0,1.0,28,50,0.8689,1072.0,0.0056
21,4,3,1.0,1.0,29,50,0.8681,1072.0,0.0034
21,4,3,1.0,1.0,30,50,0.8682,1072.0,0.0034
21,4,3,1.0,1.0,31,50,0.8681,1072.0,0.0034
21,4,3,1.0,1.0,32,50,0.868,1072.0,0.0034
21,4,3,1.0,1.0,33,50,0.8676,1072.0,0.002
21,4,3,1.0,1.0,34,50,0.8675,1072.0,0.002
21,4,3,1.0,1.0,35,50,0.8676,1072.0,0.002
21,4,3,1.0,1.0,36,50,0.8675,1072.0,0.002
21,4,3,1.0,1.0,37,50,0.868,1072.0,0.0034
21,4,3,1.0,1.0,38,50,0.8675,1072.0,0.0034
21,4,3,1.0,1.0,39,50,0.8678,1072.0,0.0034
21,4,3,1.0,1.0,40,50,0.8675,1072.0,0.0034
21,4,3,1.0,1.0,41,50,0.8676,1072.0,0.0034
21,4,3,1.0,1.0,42,50,0.8676,1072.0,0.0034
21,4,3,1.0,1.0,43,50,0.8675,1072.0,0.0034
21,4,3,1.0,1.0,44,50,0.8675,1072.0,0.0034
21,4,3,1.0,1.0,45,50,0.8672,1072.0,0.00073
21,4,3,1.0,1.0,46,50,0.8672,1072.0,0.00073
21,4,3,1.0,1.0,47,50,0.8672,1072.0,0.00073
21,4,3,1.0,1.0,48,50,0.8671,1072.0,0.00073
21,4,3,1.0,1.0,49,50,0.8671,1072.0,0.00073
21,4,3,1.0,1.0,50,50,0.8671,1072.0,0.00073
22,4,4,1.0,1.0,0,50,2.3135,1072.0,0.2
22,4,4,1.0,1.0,1,50,2.2201,1072.0,0.12
22,4,4,1.0,1.0,2,50,2.2057,1072.0,0.12
22,4,4,1.0,1.0,3,50,1.9585,1072.0,0.12
22,4,4,1.0,1.0,4,50,1.7667,1072.0,0.12
22,4,4,1.0,1.0,5,50,1.4966,1072.0,0.072
22,4,4,1.0,1.0,6,50,1.271,1072.0,0.072
22,4,4,1.0,1.0,7,50,1.1696,1072.0,0.072
22,4,4,1.0,1.0,8,50,1.0741,1072.0,0.072
22,4,4,1.0,1.0,9,50,0.9725,1072.0,0.043
22,4,4,1.0,1.0,10,50,0.9547,1072.0,0.043
22,4,4,1.0,1.0,11,50,0.9431,1072.0,0.043
22,4,4,1.0,1.0,12,50,0.9148,1072.0,0.043
22,4,4,1.0,1.0,13,50,0.8926,1072.0,0.026
22,4,4,1.0,1.0,14,50,0.8902,1072.0,0.026
22,4,4,1.0,1.0,15,50,0.8908,1072.0,0.026
22,4,4,1.0,1.0,16,50,0.8838,1072.0,0.026
22,4,4,1.0,1.0,17,50,0.8757,1072.0,0.016
22,4,4,1.0,1.0,18,50,0.8769,1072.0,0.016
22,4,4,1.0,1.0,19,50,0.8765,1072.0,0.016
22,4,4,1.0,1.0,20,50,0.8748,1072.0,0.016
22,4,4,1.0,1.0,21,50,0.8768,1072.0,0.016
22,4,4,1.0,1.0,22,50,0.8718,1072.0,0.016
22,4,4,1.0,1.0,23,50,0.8751,1072.0,0.016
22,4,4,1.0,1.0,24,50,0.8719,1072.0,0.016
22,4,4,1.0,1.0,25,50,0.8686,1072.0,0.0056
22,4,4,1.0,1.0,26,50,0.8693,1072.0,0.0056
22,4,4,1.0,1.0,27,50,0.8682,1072.0,0.0056
22,4,4,1.0,1.0,28,50,0.8686,1072.0,0.0056
22,4,4,1.0,1.0,29,50,0.8677,1072.0,0.0034
22,4,4,1.0,1.0,30,50,0.8679,1072.0,0.0034
22,4,4,1.0,1.0,31,50,0.8675,1072.0,0.0034
22,4,4,1.0,1.0,32,50,0.8676,1072.0,0.0034
22,4,4,1.0,1.0,33,50,0.8673,1072.0,0.002
22,4,4,1.0,1.0,34,50,0.8674,1072.0,0.002
22,4,4,1.0,1.0,35,50,0.8673,1072.0,0.002
22,4,4,1.0,1.0,36,50,0.8673,1072.0,0.002
22,4,4,1.0,1.0,37,50,0.8672,1072.0,0.0012
22,4,4,1.0,1.0,38,50,0.8672,1072.0,0.0012
22,4,4,1.0,1.0,39,50,0.8672,1072.0,0.0012
22,4,4,1.0,1.0,40,50,0.8671,1072.0,0.0012
22,4,4,1.0,1.0,41,50,0.8671,1072.0,0.0012
22,4,4,1.0,1.0,42,50,0.8671,1072.0,0.0012
22,4,4,1.0,1.0,43,50,0.8671,1072.0,0.0012
22,4,4,1.0,1.0,44,50,0.8671,1072.0,0.0012
22,4,4,1.0,1.0,45,50,0.867,1072.0,0.00073
22,4,4,1.0,1.0,46,50,0.867,1072.0,0.00073
22,4,4,1.0,1.0,47,50,0.867,1072.0,0.00073
22,4,4,1.0,1.0,48,50,0.867,1072.0,0.00073
22,4,4,1.0,1.0,49,50,0.867,1072.0,0.00044
22,4,4,1.0,1.0,50,50,0.867,1072.0,0.00044
23,4,5,1.0,1.0,0,50,2.3135,1072.0,0.2
23,4,5,1.0,1.0,1,50,2.2201,1072.0,0.12
23,4,5,1.0,1.0,2,50,2.2057,1072.0,0.12
23,4,5,1.0,1.0,3,50,1.9585,1072.0,0.12
23,4,5,1.0,1.0,4,50,1.7667,1072.0,0.12
23,4,5,1.0,1.0,5,50,1.5015,1072.0,0.072
23,4,5,1.0,1.0,6,50,1.2644,1072.0,0.072
23,4,5,1.0,1.0,7,50,1.173,1072.0,0.072
23,4,5,1.0,1.0,8,50,1.0958,1072.0,0.072
23,4,5,1.0,1.0,9,50,0.9885,1072.0,0.043
23,4,5,1.0,1.0,10,50,0.9546,1072.0,0.043
23,4,5,1.0,1.0,11,50,0.9362,1072.0,0.043
23,4,5,1.0,1.0,12,50,0.9138,1072.0,0.043
23,4,5,1.0,1.0,13,50,0.8942,1072.0,0.026
23,4,5,1.0,1.0,14,50,0.8903,1072.0,0.026
23,4,5,1.0,1.0,15,50,0.8918,1072.0,0.026
23,4,5,1.0,1.0,16,50,0.8839,1072.0,0.026
23,4,5,1.0,1.0,17,50,0.8758,1072.0,0.016
23,4,5,1.0,1.0,18,50,0.8765,1072.0,0.016
23,4,5,1.0,1.0,19,50,0.876,1072.0,0.016
23,4,5,1.0,1.0,20,50,0.875,1072.0,0.016
23,4,5,1.0,1.0,21,50,0.8703,1072.0,0.0093
23,4,5,1.0,1.0,22,50,0.871,1072.0,0.0093
23,4,5,1.0,1.0,23,50,0.8703,1072.0,0.0093
23,4,5,1.0,1.0,24,50,0.8703,1072.0,0.0093
23,4,5,1.0,1.0,25,50,0.8684,1072.0,0.0056
23,4,5,1.0,1.0,26,50,0.8684,1072.0,0.0056
23,4,5,1.0,1.0,27,50,0.8685,1072.0,0.0056
23,4,5,1.0,1.0,28,50,0.8683,1072.0,0.0056
23,4,5,1.0,1.0,29,50,0.8683,1072.0,0.0056
23,4,5,1.0,1.0,30,50,0.8682,1072.0,0.0056
23,4,5,1.0,1.0,31,50,0.8681,1072.0,0.0056
23,4,5,1.0,1.0,32,50,0.8681,1072.0,0.0056
23,4,5,1.0,1.0,33,50,0.8674,1072.0,0.0034
23,4,5,1.0,1.0,34,50,0.8675,1072.0,0.0034
23,4,5,1.0,1.0,35,50,0.8675,1072.0,0.0034
23,4,5,1.0,1.0,36,50,0.8675,1072.0,0.0034
23,4,5,1.0,1.0,37,50,0.8672,1072.0,0.002
23,4,5,1.0,1.0,38,50,0.8672,1072.0,0.002
23,4,5,1.0,1.0,39,50,0.8672,1072.0,0.002
23,4,5,1.0,1.0,40,50,0.8672,1072.0,0.002
23,4,5,1.0,1.0,41,50,0.8671,1072.0,0.0012
23,4,5,1.0,1.0,42,50,0.8671,1072.0,0.0012
23,4,5,1.0,1.0,43,50,0.8671,1072.0,0.0012
23,4,5,1.0,1.0,44,50,0.8671,1072.0,0.0012
23,4,5,1.0,1.0,45,50,0.867,1072.0,0.00044
23,4,5,1.0,1.0,46,50,0.867,1072.0,0.00044
23,4,5,1.0,1.0,47,50,0.867,1072.0,0.00044
23,4,5,1.0,1.0,48,50,0.867,1072.0,0.00044
23,4,5,1.0,1.0,49,50,0.867,1072.0,0.00044
23,4,5,1.0,1.0,50,50,0.867,1072.0,0.00044
24,5,0,1.0,1.0,0,50,2.3135,1072.0,0.2
24,5,0,1.0,1.0,1,50,2.2311,1072.0,0.072
24,5,0,1.0,1.0,2,50,2.2329,1072.0,0.072
24,5,0,1.0,1.0,3,50,1.9817,1072.0,0.072
24,5,0,1.0,1.0,4,50,1.7868,1072.0,0.072
24,5,0,1.0,1.0,5,50,1.6142,1072.0,0.072
24,5,0,1.0,1.0,6,50,1.4202,1072.0,0.026
24,5,0,1.0,1.0,7,50,1.2418,1072.0,0.026
24,5,0,1.0,1.0,8,50,1.126,1072.0,0.026
24,5,0,1.0,1.0,9,50,1.0479,1072.0,0.026
24,5,0,1.0,1.0,10,50,1.0002,1072.0,0.026
24,5,0,1.0,1.0,11,50,0.9555,1072.0,0.0093
24,5,0,1.0,1.0,12,50,0.9303,1072.0,0.0093
24,5,0,1.0,1.0,13,50,0.9094,1072.0,0.0093
24,5,0,1.0,1.0,14,50,0.8991,1072.0,0.0093
24,5,0,1.0,1.0,15,50,0.8948,1072.0,0.0093
24,5,0,1.0,1.0,16,50,0.8875,1072.0,0.0034
24,5,0,1.0,1.0,17,50,0.8847,1072.0,0.0034
24,5,0,1.0,1.0,18,50,0.8816,1072.0,0.0034
24,5,0,1.0,1.0,19,50,0.8798,1072.0,0.0034
24,5,0,1.0,1.0,20,50,0.8783,1072.0,0.0034
24,5,0,1.0,1.0,21,50,0.8775,1072.0,0.002
24,5,0,1.0,1.0,22,50,0.8761,1072.0,0.002
24,5,0,1.0,1.0,23,50,0.8754,1072.0,0.002
24,5,0,1.0,1.0,24,50,0.8747,1072.0,0.002
24,5,0,1.0,1.0,25,50,0.8741,1072.0,0.002
24,5,0,1.0,1.0,26,50,0.8742,1072.0,0.002
24,5,0,1.0,1.0,27,50,0.8732,1072.0,0.002
24,5,0,1.0,1.0,28,50,0.8728,1072.0,0.002
24,5,0,1.0,1.0,29,50,0.8724,1072.0,0.002
24,5,0,1.0,1.0,30,50,0.872,1072.0,0.002
24,5,0,1.0,1.0,31,50,0.8717,1072.0,0.0012
24,5,0,1.0,1.0,32,50,0.8712,1072.0,0.0012
24,5,0,1.0,1.0,33,50,0.871,1072.0,0.0012
24,5,0,1.0,1.0,34,50,0.8707,1072.0,0.0012
24,5,0,1.0,1.0,35,50,0.8705,1072.0,0.0012
24,5,0,1.0,1.0,36,50,0.8705,1072.0,0.0012
24,5,0,1.0,1.0,37,50,0.8702,1072.0,0.0012
24,5,0,1.0,1.0,38,50,0.87,1072.0,0.0012
24,5,0,1.0,1.0,39,50,0.8699,1072.0,0.0012
24,5,0,1.0,1.0,40,50,0.8697,1072.0,0.0012
24,5,0,1.0,1.0,41,50,0.8696,1072.0,0.00073
24,5,0,1.0,1.0,42,50,0.8694,1072.0,0.00073
24,5,0,1.0,1.0,43,50,0.8693,1072.0,0.00073
24,5,0,1.0,1.0,44,50,0.8692,1072.0,0.00073
24,5,0,1.0,1.0,45,50,0.8691,1072.0,0.00073
24,5,0,1.0,1.0,46,50,0.8691,1072.0,0.00073
24,5,0,1.0,1.0,47,50,0.8689,1072.0,0.00073
24,5,0,1.0,1.0,48,50,0.8688,1072.0,0.00073
24,5,0,1.0,1.0,49,50,0.8688,1072.0,0.00073
24,5,0,1.0,1.0,50,50,0.8687,1072.0,0.00073
25,5,1,1.0,1.0,0,50,2.3135,1072.0,0.2
25,5,1,1.0,1.0,1,50,2.2201,1072.0,0.12
25,5,1,1.0,1.0,2,50,2.2057,1072.0,0.12
25,5,1,1.0,1.0,3,50,1.9585,1072.0,0.12
25,5,1,1.0,1.0,4,50,1.7667,1072.0,0.12
25,5,1,1.0,1.0,5,50,1.6212,1072.0,0.12
25,5,1,1.0,1.0,6,50,1.5099,1072.0,0.12
25,5,1,1.0,1.0,7,50,1.3407,1072.0,0.12
25,5,1,1.0,1.0,8,50,1.1625,1072.0,0.12
25,5,1,1.0,1.0,9,50,1.1068,1072.0,0.12
25,5,1,1.0,1.0,10,50,1.0603,1072.0,0.12
25,5,1,1.0,1.0,11,50,0.9427,1072.0,0.043
25,5,1,1.0,1.0,12,50,0.9186,1072.0,0.043
25,5,1,1.0,1.0,13,50,0.9089,1072.0,0.043
25,5,1,1.0,1.0,14,50,0.8996,1072.0,0.043
25,5,1,1.0,1.0,15,50,0.9001,1072.0,0.043
25,5,1,1.0,1.0,16,50,0.8797,1072.0,0.016
25,5,1,1.0,1.0,17,50,0.8769,1072.0,0.016
25,5,1,1.0,1.0,18,50,0.8735,1072.0,0.016
25,5,1,1.0,1.0,19,50,0.8752,1072.0,0.016
25,5,1,1.0,1.0,20,50,0.8726,1072.0,0.016
25,5,1,1.0,1.0,21,50,0.8746,1072.0,0.016
25,5,1,1.0,1.0,22,50,0.8717,1072.0,0.016
25,5,1,1.0,1.0,23,50,0.873,1072.0,0.016
25,5,1,1.0,1.0,24,50,0.8716,1072.0,0.016
25,5,1,1.0,1.0,25,50,0.8719,1072.0,0.016
25,5,1,1.0,1.0,26,50,0.869,1072.0,0.0034
25,5,1,1.0,1.0,27,50,0.8683,1072.0,0.0034
25,5,1,1.0,1.0,28,50,0.8683,1072.0,0.0034
25,5,1,1.0,1.0,29,50,0.8678,1072.0,0.0034
25,5,1,1.0,1.0,30,50,0.8678,1072.0,0.0034
25,5,1,1.0,1.0,31,50,0.8678,1072.0,0.0034
25,5,1,1.0,1.0,32,50,0.8676,1072.0,0.0034
25,5,1,1.0,1.0,33,50,0.8676,1072.0,0.0034
25,5,1,1.0,1.0,34,50,0.8675,1072.0,0.0034
25,5,1,1.0,1.0,35,50,0.8675,1072.0,0.0034
25,5,1,1.0,1.0,36,50,0.8673,1072.0,0.002
25,5,1,1.0,1.0,37,50,0.8673,1072.0,0.002
25,5,1,1.0,1.0,38,50,0.8673,1072.0,0.002
25,5,1,1.0,1.0,39,50,0.8672,1072.0,0.002
25,5,1,1.0,1.0,40,50,0.8672,1072.0,0.002
25,5,1,1.0,1.0,41,50,0.8676,1072.0,0.0034
25,5,1,1.0,1.0,42,50,0.8672,1072.0,0.0034
25,5,1,1.0,1.0,43,50,0.8674,1072.0,0.0034
25,5,1,1.0,1.0,44,50,0.8672,1072.0,0.0034
25,5,1,1.0,1.0,45,50,0.8673,1072.0,0.0034
25,5,1,1.0,1.0,46,50,0.8671,1072.0,0.00073
25,5,1,1.0,1.0,47,50,0.8671,1072.0,0.00073
25,5,1,1.0,1.0,48,50,0.867,1072.0,0.00073
25,5,1,1.0,1.0,49,50,0.867,1072.0,0.00073
25,5,1,1.0,1.0,50,50,0.867,1072.0,0.00073
26,5,2,1.0,1.0,0,50,2.3135,1072.0,0.2
26,5,2,1.0,1.0,1,50,2.2201,1072.0,0.12
26,5,2,1.0,1.0,2,50,2.2057,1072.0,0.12
26,5,2,1.0,1.0,3,50,1.9585,1072.0,0.12
26,5,2,1.0,1.0,4,50,1.7667,1072.0,0.12
26,5,2,1.0,1.0,5,50,1.6212,1072.0,0.12
26,5,2,1.0,1.0,6,50,1.3666,1072.0,0.043
26,5,2,1.0,1.0,7,50,1.1805,1072.0,0.043
26,5,2,1.0,1.0,8,50,1.065,1072.0,0.043
26,5,2,1.0,1.0,9,50,1.0075,1072.0,0.043
26,5,2,1.0,1.0,10,50,0.9573,1072.0,0.043
26,5,2,1.0,1.0,11,50,0.922,1072.0,0.016
26,5,2,1.0,1.0,12,50,0.9022,1072.0,0.016
26,5,2,1.0,1.0,13,50,0.8916,1072.0,0.016
26,5,2,1.0,1.0,14,50,0.8923,1072.0,0.016
26,5,2,1.0,1.0,15,50,0.8877,1072.0,0.016
26,5,2,1.0,1.0,16,50,0.8798,1072.0,0.0093
26,5,2,1.0,1.0,17,50,0.8777,1072.0,0.0093
26,5,2,1.0,1.0,18,50,0.8776,1072.0,0.0093
26,5,2,1.0,1.0,19,50,0.8752,1072.0,0.0093
26,5,2,1.0,1.0,20,50,0.8754,1072.0,0.0093
26,5,2,1.0,1.0,21,50,0.8721,1072.0,0.0056
26,5,2,1.0,1.0,22,50,0.872,1072.0,0.0056
26,5,2,1.0,1.0,23,50,0.8711,1072.0,0.0056
26,5,2,1.0,1.0,24,50,0.871,1072.0,0.0056
26,5,2,1.0,1.0,25,50,0.8706,1072.0,0.0056
26,5,2,1.0,1.0,26,50,0.8696,1072.0,0.0034
26,5,2,1.0,1.0,27,50,0.8693,1072.0,0.0034
26,5,2,1.0,1.0,28,50,0.8693,1072.0,0.0034
26,5,2,1.0,1.0,29,50,0.869,1072.0,0.0034
26,5,2,1.0,1.0,30,50,0.8689,1072.0,0.0034
26,5,2,1.0,1.0,31,50,0.8685,1072.0,0.002
26,5,2,1.0,1.0,32,50,0.8683,1072.0,0.002
26,5,2,1.0,1.0,33,50,0.8682,1072.0,0.002
26,5,2,1.0,1.0,34,50,0.8681,1072.0,0.002
26,5,2,1.0,1.0,35,50,0.868,1072.0,0.002
26,5,2,1.0,1.0,36,50,0.868,1072.0,0.002
26,5,2,1.0,1.0,37,50,0.8679,1072.0,0.002
26,5,2,1.0,1.0,38,50,0.8679,1072.0,0.002
26,5,2,1.0,1.0,39,50,0.8678,1072.0,0.002
26,5,2,1.0,1.0,40,50,0.8677,1072.0,0.002
26,5,2,1.0,1.0,41,50,0.8676,1072.0,0.0012
26,5,2,1.0,1.0,42,50,0.8675,1072.0,0.0012
26,5,2,1.0,1.0,43,50,0.8675,1072.0,0.0012
26,5,2,1.0,1.0,44,50,0.8675,1072.0,0.0012
26,5,2,1.0,1.0,45,50,0.8674,1072.0,0.0012
26,5,2,1.0,1.0,46,50,0.8674,1072.0,0.00073
26,5,2,1.0,1.0,47,50,0.8673,1072.0,0.00073
26,5,2,1.0,1.0,48,50,0.8673,1072.0,0.00073
26,5,2,1.0,1.0,49,50,0.8673,1072.0,0.00073
26,5,2,1.0,1.0,50,50,0.8673,1072.0,0.00073
27,5,3,1.0,1.0,0,50,2.3135,1072.0,0.2
27,5,3,1.0,1.0,1,50,2.2201,1072.0,0.12
27,5,3,1.0,1.0,2,50,2.2057,1072.0,0.12
27,5,3,1.0,1.0,3,50,1.9585,1072.0,0.12
27,5,3,1.0,1.0,4,50,1.7667,1072.0,0.12
27,5,3,1.0,1.0,5,50,1.6212,1072.0,0.12
27,5,3,1.0,1.0,6,50,1.3673,1072.0,0.043
27,5,3,1.0,1.0,7,50,1.181,1072.0,0.043
27,5,3,1.0,1.0,8,50,1.066,1072.0,0.043
27,5,3,1.0,1.0,9,50,1.0066,1072.0,0.043
27,5,3,1.0,1.0,10,50,0.9544,1072.0,0.043
27,5,3,1.0,1.0,11,50,0.9286,1072.0,0.026
27,5,3,1.0,1.0,12,50,0.9073,1072.0,0.026
27,5,3,1.0,1.0,13,50,0.9076,1072.0,0.026
27,5,3,1.0,1.0,14,50,0.8948,1072.0,0.026
27,5,3,1.0,1.0,15,50,0.8991,1072.0,0.026
27,5,3,1.0,1.0,16,50,0.8825,1072.0,0.016
27,5,3,1.0,1.0,17,50,0.8821,1072.0,0.016
27,5,3,1.0,1.0,18,50,0.8795,1072.0,0.016
27,5,3,1.0,1.0,19,50,0.8791,1072.0,0.016
27,5,3,1.0,1.0,20,50,0.8785,1072.0,0.016
27,5,3,1.0,1.0,21,50,0.8724,1072.0,0.0093
27,5,3,1.0,1.0,22,50,0.8729,1072.0,0.0093
27,5,3,1.0,1.0,23,50,0.8716,1072.0,0.0093
27,5,3,1.0,1.0,24,50,0.8713,1072.0,0.0093
27,5,3,1.0,1.0,25,50,0.871,1072.0,0.0093
27,5,3,1.0,1.0,26,50,0.8691,1072.0,0.0056
27,5,3,1.0,1.0,27,50,0.8693,1072.0,0.0056
27,5,3,1.0,1.0,28,50,0.8691,1072.0,0.0056
27,5,3,1.0,1.0,29,50,0.8689,1072.0,0.0056
27,5,3,1.0,1.0,30,50,0.8688,1072.0,0.0056
27,5,3,1.0,1.0,31,50,0.8681,1072.0,0.0034
27,5,3,1.0,1.0,32,50,0.868,1072.0,0.0034
27,5,3,1.0,1.0,33,50,0.8681,1072.0,0.0034
27,5,3,1.0,1.0,34,50,0.8679,1072.0,0.0034
27,5,3,1.0,1.0,35,50,0.8679,1072.0,0.0034
27,5,3,1.0,1.0,36,50,0.8676,1072.0,0.002
27,5,3,1.0,1.0,37,50,0.8675,1072.0,0.002
27,5,3,1.0,1.0,38,50,0.8675,1072.0,0.002
27,5,3,1.0,1.0,39,50,0.8674,1072.0,0.002
27,5,3,1.0,1.0,40,50,0.8674,1072.0,0.002
27,5,3,1.0,1.0,41,50,0.8679,1072.0,0.0034
27,5,3,1.0,1.0,42,50,0.8674,1072.0,0.0034
27,5,3,1.0,1.0,43,50,0.8677,1072.0,0.0034
27,5,3,1.0,1.0,44,50,0.8675,1072.0,0.0034
27,5,3,1.0,1.0,45,50,0.8676,1072.0,0.0034
27,5,3,1.0,1.0,46,50,0.8672,1072.0,0.00073
27,5,3,1.0,1.0,47,50,0.8672,1072.0,0.00073
27,5,3,1.0,1.0,48,50,0.8672,1072.0,0.00073
27,5,3,1.0,1.0,49,50,0.8671,1072.0,0.00073
27,5,3,1.0,1.0,50,50,0.8671,1072.0,0.00073
28,5,4,1.0,1.0,0,50,2.3135,1072.0,0.2
28,5,4,1.0,1.0,1,50,2.2201,1072.0,0.12
28,5,4,1.0,1.0,2,50,2.2057,1072.0,0.12
28,5,4,1.0,1.0,3,50,1.9585,1072.0,0.12
28,5,4,1.0,1.0,4,50,1.7667,1072.0,0.12
28,5,4,1.0,1.0,5,50,1.6212,1072.0,0.12
28,5,4,1.0,1.0,6,50,1.3664,1072.0,0.072
28,5,4,1.0,1.0,7,50,1.2087,1072.0,0.072
28,5,4,1.0,1.0,8,50,1.0826,1072.0,0.072
28,5,4,1.0,1.0,9,50,1.0301,1072.0,0.072
28,5,4,1.0,1.0,10,50,1.0055,1072.0,0.072
28,5,4,1.0,1.0,11,50,0.9376,1072.0,0.043
28,5,4,1.0,1.0,12,50,0.9352,1072.0,0.043
28,5,4,1.0,1.0,13,50,0.9152,1072.0,0.043
28,5,4,1.0,1.0,14,50,0.9011,1072.0,0.043
28,5,4,1.0,1.0,15,50,0.9041,1072.0,0.043
28,5,4,1.0,1.0,16,50,0.8823,1072.0,0.026
28,5,4,1.0,1.0,17,50,0.8857,1072.0,0.026
28,5,4,1.0,1.0,18,50,0.8806,1072.0,0.026
28,5,4,1.0,1.0,19,50,0.8805,1072.0,0.026
28,5,4,1.0,1.0,20,50,0.8799,1072.0,0.026
28,5,4,1.0,1.0,21,50,0.8722,1072.0,0.016
28,5,4,1.0,1.0,22,50,0.8742,1072.0,0.016
28,5,4,1.0,1.0,23,50,0.8717,1072.0,0.016
28,5,4,1.0,1.0,24,50,0.8723,1072.0,0.016
28,5,4,1.0,1.0,25,50,0.8714,1072.0,0.016
28,5,4,1.0,1.0,26,50,0.8687,1072.0,0.0093
28,5,4,1.0,1.0,27,50,0.8696,1072.0,0.0093
28,5,4,1.0,1.0,28,50,0.8688,1072.0,0.0093
28,5,4,1.0,1.0,29,50,0.869,1072.0,0.0093
28,5,4,1.0,1.0,30,50,0.8687,1072.0,0.0093
28,5,4,1.0,1.0,31,50,0.8676,1072.0,0.0034
28,5,4,1.0,1.0,32,50,0.8677,1072.0,0.0034
28,5,4,1.0,1.0,33,50,0.8673,1072.0,0.0034
28,5,4,1.0,1.0,34,50,0.8675,1072.0,0.0034
28,5,4,1.0,1.0,35,50,0.8673,1072.0,0.0034
28,5,4,1.0,1.0,36,50,0.8682,1072.0,0.0056
28,5,4,1.0,1.0,37,50,0.8673,1072.0,0.0056
28,5,4,1.0,1.0,38,50,0.8678,1072.0,0.0056
28,5,4,1.0,1.0,39,50,0.8675,1072.0,0.0056
28,5,4,1.0,1.0,40,50,0.8676,1072.0,0.0056
28,5,4,1.0,1.0,41,50,0.8672,1072.0,0.0034
28,5,4,1.0,1.0,42,50,0.8674,1072.0,0.0034
28,5,4,1.0,1.0,43,50,0.8671,1072.0,0.0034
28,5,4,1.0,1.0,44,50,0.8673,1072.0,0.0034
28,5,4,1.0,1.0,45,50,0.8671,1072.0,0.0034
28,5,4,1.0,1.0,46,50,0.867,1072.0,0.00073
28,5,4,1.0,1.0,47,50,0.867,1072.0,0.00073
28,5,4,1.0,1.0,48,50,0.867,1072.0,0.00073
28,5,4,1.0,1.0,49,50,0.867,1072.0,0.00073
28,5,4,1.0,1.0,50,50,0.867,1072.0,0.00073
29,5,5,1.0,1.0,0,50,2.3135,1072.0,0.2
29,5,5,1.0,1.0,1,50,2.2201,1072.0,0.12
29,5,5,1.0,1.0,2,50,2.2057,1072.0,0.12
29,5,5,1.0,1.0,3,50,1.9585,1072.0,0.12
29,5,5,1.0,1.0,4,50,1.7667,1072.0,0.12
29,5,5,1.0,1.0,5,50,1.6212,1072.0,0.12
29,5,5,1.0,1.0,6,50,1.4796,1072.0,0.12
29,5,5,1.0,1.0,7,50,1.3207,1072.0,0.12
29,5,5,1.0,1.0,8,50,1.1573,1072.0,0.12
29,5,5,1.0,1.0,9,50,1.1308,1072.0,0.12
29,5,5,1.0,1.0,10,50,1.0631,1072.0,0.12
29,5,5,1.0,1.0,11,50,0.9469,1072.0,0.043
29,5,5,1.0,1.0,12,50,0.9156,1072.0,0.043
29,5,5,1.0,1.0,13,50,0.9064,1072.0,0.043
29,5,5,1.0,1.0,14,50,0.9046,1072.0,0.043
29,5,5,1.0,1.0,15,50,0.8969,1072.0,0.043
29,5,5,1.0,1.0,16,50,0.8795,1072.0,0.026
29,5,5,1.0,1.0,17,50,0.8836,1072.0,0.026
29,5,5,1.0,1.0,18,50,0.879,1072.0,0.026
29,5,5,1.0,1.0,19,50,0.8785,1072.0,0.026
29,5,5,1.0,1.0,20,50,0.8783,1072.0,0.026
29,5,5,1.0,1.0,21,50,0.8722,1072.0,0.016
29,5,5,1.0,1.0,22,50,0.8727,1072.0,0.016
29,5,5,1.0,1.0,23,50,0.8718,1072.0,0.016
29,5,5,1.0,1.0,24,50,0.8714,1072.0,0.016
29,5,5,1.0,1.0,25,50,0.8712,1072.0,0.016
29,5,5,1.0,1.0,26,50,0.8686,1072.0,0.0093
29,5,5,1.0,1.0,27,50,0.8692,1072.0,0.0093
29,5,5,1.0,1.0,28,50,0.8685,1072.0,0.0093
29,5,5,1.0,1.0,29,50,0.8688,1072.0,0.0093
29,5,5,1.0,1.0,30,50,0.8685,1072.0,0.0093
29,5,5,1.0,1.0,31,50,0.8677,1072.0,0.0056
29,5,5,1.0,1.0,32,50,0.8676,1072.0,0.0056
29,5,5,1.0,1.0,33,50,0.8678,1072.0,0.0056
29,5,5,1.0,1.0,34,50,0.8676,1072.0,0.0056
29,5,5,1.0,1.0,35,50,0.8676,1072.0,0.0056
29,5,5,1.0,1.0,36,50,0.8673,1072.0,0.0034
29,5,5,1.0,1.0,37,50,0.8672,1072.0,0.0034
29,5,5,1.0,1.0,38,50,0.8673,1072.0,0.0034
29,5,5,1.0,1.0,39,50,0.8672,1072.0,0.0034
29,5,5,1.0,1.0,40,50,0.8672,1072.0,0.0034
29,5,5,1.0,1.0,41,50,0.8671,1072.0,0.002
29,5,5,1.0,1.0,42,50,0.8671,1072.0,0.002
29,5,5,1.0,1.0,43,50,0.8671,1072.0,0.002
29,5,5,1.0,1.0,44,50,0.867,1072.0,0.002
29,5,5,1.0,1.0,45,50,0.867,1072.0,0.002
29,5,5,1.0,1.0,46,50,0.867,1072.0,0.00073
29,5,5,1.0,1.0,47,50,0.867,1072.0,0.00073
29,5,5,1.0,1.0,48,50,0.867,1072.0,0.00073
29,5,5,1.0,1.0,49,50,0.867,1072.0,0.00073
29,5,5,1.0,1.0,50,50,0.867,1072.0,0.00073
