source,run,label,momentum_config,search_momentum,muon_nesterov,search_nesterov,interval_index,start_step,muon_lr,muon_momentum,selected_muon_nesterov,cooldown_muon_lr,cooldown_muon_momentum,cooldown_muon_nesterov,interval_loss,final_loss,evaluated_interval_configs,evaluated_configs
momentum2,0,"momentum2: run 0 - search_momentum_nesterov_false, search_nesterov=False",search_momentum_nesterov_false,True,False,False,0,0,0.12,0.6,False,0.072,0.6,False,2.206,1.646008,8,37
momentum2,0,"momentum2: run 0 - search_momentum_nesterov_false, search_nesterov=False",search_momentum_nesterov_false,True,False,False,1,2,0.12,0.8,False,0.043,0.8,False,1.514076,1.106091,11,51
momentum2,0,"momentum2: run 0 - search_momentum_nesterov_false, search_nesterov=False",search_momentum_nesterov_false,True,False,False,2,4,0.072,0.9,False,0.043,0.9,False,1.040451,0.921376,9,42
momentum2,0,"momentum2: run 0 - search_momentum_nesterov_false, search_nesterov=False",search_momentum_nesterov_false,True,False,False,3,6,0.043,0.9,False,0.026,0.9,False,0.917466,0.885994,6,32
momentum2,0,"momentum2: run 0 - search_momentum_nesterov_false, search_nesterov=False",search_momentum_nesterov_false,True,False,False,4,8,0.026,0.9,False,0.016,0.9,False,0.884794,0.87596,6,33
momentum2,0,"momentum2: run 0 - search_momentum_nesterov_false, search_nesterov=False",search_momentum_nesterov_false,True,False,False,5,10,0.016,0.9,False,0.0093,0.9,False,0.875846,0.870584,6,27
momentum2,0,"momentum2: run 0 - search_momentum_nesterov_false, search_nesterov=False",search_momentum_nesterov_false,True,False,False,6,12,0.0093,0.9,False,0.0056,0.9,False,0.870139,0.868656,6,28
momentum2,0,"momentum2: run 0 - search_momentum_nesterov_false, search_nesterov=False",search_momentum_nesterov_false,True,False,False,7,14,0.0093,0.8,False,0.0056,0.8,False,0.869082,0.867795,7,33
momentum2,0,"momentum2: run 0 - search_momentum_nesterov_false, search_nesterov=False",search_momentum_nesterov_false,True,False,False,8,16,0.0034,0.8,False,0.002,0.8,False,0.868005,0.867572,11,49
momentum2,0,"momentum2: run 0 - search_momentum_nesterov_false, search_nesterov=False",search_momentum_nesterov_false,True,False,False,9,18,0.002,0.8,False,0.002,0.8,False,0.867575,0.867372,8,32
momentum2,0,"momentum2: run 0 - search_momentum_nesterov_false, search_nesterov=False",search_momentum_nesterov_false,True,False,False,10,20,0.0034,0.8,False,0.002,0.8,False,0.86738,0.867192,8,29
momentum2,0,"momentum2: run 0 - search_momentum_nesterov_false, search_nesterov=False",search_momentum_nesterov_false,True,False,False,11,22,0.0034,0.7,False,0.002,0.7,False,0.867465,0.867126,8,31
momentum2,0,"momentum2: run 0 - search_momentum_nesterov_false, search_nesterov=False",search_momentum_nesterov_false,True,False,False,12,24,0.002,0.7,False,0.002,0.7,False,0.867135,0.867053,8,33
momentum2,0,"momentum2: run 0 - search_momentum_nesterov_false, search_nesterov=False",search_momentum_nesterov_false,True,False,False,13,26,0.0012,0.8,False,0.0012,0.8,False,0.867113,0.867026,10,38
momentum2,0,"momentum2: run 0 - search_momentum_nesterov_false, search_nesterov=False",search_momentum_nesterov_false,True,False,False,14,28,0.00073,0.8,False,0.0012,0.8,False,0.867034,0.867003,8,34
momentum2,0,"momentum2: run 0 - search_momentum_nesterov_false, search_nesterov=False",search_momentum_nesterov_false,True,False,False,15,30,0.0012,0.8,False,0.0012,0.8,False,0.867013,0.866983,8,29
momentum2,0,"momentum2: run 0 - search_momentum_nesterov_false, search_nesterov=False",search_momentum_nesterov_false,True,False,False,16,32,0.002,0.8,False,0.0012,0.8,False,0.867072,0.866953,8,30
momentum2,0,"momentum2: run 0 - search_momentum_nesterov_false, search_nesterov=False",search_momentum_nesterov_false,True,False,False,17,34,0.0012,0.8,False,0.00044,0.8,False,0.867003,0.866947,8,38
momentum2,0,"momentum2: run 0 - search_momentum_nesterov_false, search_nesterov=False",search_momentum_nesterov_false,True,False,False,18,36,0.00073,0.8,False,0.00026,0.8,False,0.866967,0.866936,8,35
momentum2,0,"momentum2: run 0 - search_momentum_nesterov_false, search_nesterov=False",search_momentum_nesterov_false,True,False,False,19,38,0.00044,0.8,False,0.00016,0.8,False,0.866943,0.866932,8,35
momentum2,0,"momentum2: run 0 - search_momentum_nesterov_false, search_nesterov=False",search_momentum_nesterov_false,True,False,False,20,40,0.00073,0.9,False,0.00044,0.9,False,0.86699,0.866927,8,31
momentum2,0,"momentum2: run 0 - search_momentum_nesterov_false, search_nesterov=False",search_momentum_nesterov_false,True,False,False,21,42,0.00044,0.9,False,9.4e-05,0.9,False,0.866931,0.866924,6,31
momentum2,0,"momentum2: run 0 - search_momentum_nesterov_false, search_nesterov=False",search_momentum_nesterov_false,True,False,False,22,44,0.00026,0.9,False,0.00016,0.9,False,0.866928,0.866921,6,24
momentum2,0,"momentum2: run 0 - search_momentum_nesterov_false, search_nesterov=False",search_momentum_nesterov_false,True,False,False,23,46,0.00073,0.8,False,0.00016,0.8,False,0.866924,0.866916,10,41
momentum2,0,"momentum2: run 0 - search_momentum_nesterov_false, search_nesterov=False",search_momentum_nesterov_false,True,False,False,24,48,0.00044,0.8,False,,,None,0.866916,0.866916,8,8
momentum2,1,"momentum2: run 1 - search_momentum_search_nesterov, search_nesterov=True",search_momentum_search_nesterov,True,False,True,0,0,0.12,0.9,True,0.072,0.9,True,2.205047,1.616277,22,103
momentum2,1,"momentum2: run 1 - search_momentum_search_nesterov, search_nesterov=True",search_momentum_search_nesterov,True,False,True,1,2,0.12,0.7,True,0.043,0.7,True,1.526726,1.095997,13,61
momentum2,1,"momentum2: run 1 - search_momentum_search_nesterov, search_nesterov=True",search_momentum_search_nesterov,True,False,True,2,4,0.072,0.9,True,0.043,0.9,True,1.077526,0.918955,16,72
momentum2,1,"momentum2: run 1 - search_momentum_search_nesterov, search_nesterov=True",search_momentum_search_nesterov,True,False,True,3,6,0.043,0.9,True,0.026,0.9,True,0.91161,0.884149,8,37
momentum2,1,"momentum2: run 1 - search_momentum_search_nesterov, search_nesterov=True",search_momentum_search_nesterov,True,False,True,4,8,0.026,0.9,True,0.016,0.9,True,0.883324,0.874289,8,37
momentum2,1,"momentum2: run 1 - search_momentum_search_nesterov, search_nesterov=True",search_momentum_search_nesterov,True,False,True,5,10,0.016,0.9,True,0.0093,0.9,True,0.874092,0.870101,8,35
momentum2,1,"momentum2: run 1 - search_momentum_search_nesterov, search_nesterov=True",search_momentum_search_nesterov,True,False,True,6,12,0.0093,0.9,True,0.0056,0.9,True,0.870202,0.868505,8,35
momentum2,1,"momentum2: run 1 - search_momentum_search_nesterov, search_nesterov=True",search_momentum_search_nesterov,True,False,True,7,14,0.0056,0.9,True,0.0034,0.9,True,0.868556,0.867867,8,34
momentum2,1,"momentum2: run 1 - search_momentum_search_nesterov, search_nesterov=True",search_momentum_search_nesterov,True,False,True,8,16,0.0056,0.9,True,0.0034,0.9,True,0.868466,0.86748,5,20
momentum2,1,"momentum2: run 1 - search_momentum_search_nesterov, search_nesterov=True",search_momentum_search_nesterov,True,False,True,9,18,0.0034,0.9,True,0.002,0.9,True,0.867634,0.867293,8,35
momentum2,1,"momentum2: run 1 - search_momentum_search_nesterov, search_nesterov=True",search_momentum_search_nesterov,True,False,True,10,20,0.0034,0.9,True,0.002,0.9,True,0.86769,0.867162,5,21
momentum2,1,"momentum2: run 1 - search_momentum_search_nesterov, search_nesterov=True",search_momentum_search_nesterov,True,False,True,11,22,0.0034,0.9,True,0.002,0.9,True,0.86762,0.867095,5,20
momentum2,1,"momentum2: run 1 - search_momentum_search_nesterov, search_nesterov=True",search_momentum_search_nesterov,True,False,True,12,24,0.0034,0.9,True,0.002,0.9,True,0.867665,0.867056,5,20
momentum2,1,"momentum2: run 1 - search_momentum_search_nesterov, search_nesterov=True",search_momentum_search_nesterov,True,False,True,13,26,0.0034,0.9,True,0.002,0.9,True,0.867613,0.867029,5,21
momentum2,1,"momentum2: run 1 - search_momentum_search_nesterov, search_nesterov=True",search_momentum_search_nesterov,True,False,True,14,28,0.0034,0.9,True,0.002,0.9,True,0.867676,0.867008,5,21
momentum2,1,"momentum2: run 1 - search_momentum_search_nesterov, search_nesterov=True",search_momentum_search_nesterov,True,False,True,15,30,0.002,0.9,True,0.00073,0.9,True,0.867041,0.866993,8,38
momentum2,1,"momentum2: run 1 - search_momentum_search_nesterov, search_nesterov=True",search_momentum_search_nesterov,True,False,True,16,32,0.0012,0.9,True,0.00073,0.9,True,0.866984,0.866959,8,37
momentum2,1,"momentum2: run 1 - search_momentum_search_nesterov, search_nesterov=True",search_momentum_search_nesterov,True,False,True,17,34,0.00073,0.9,True,0.00044,0.9,True,0.866957,0.866944,8,33
momentum2,1,"momentum2: run 1 - search_momentum_search_nesterov, search_nesterov=True",search_momentum_search_nesterov,True,False,True,18,36,0.00073,0.9,True,0.00044,0.9,True,0.866953,0.866934,5,22
momentum2,1,"momentum2: run 1 - search_momentum_search_nesterov, search_nesterov=True",search_momentum_search_nesterov,True,False,True,19,38,0.00073,0.9,False,0.00073,0.9,False,0.866942,0.866925,8,32
momentum2,1,"momentum2: run 1 - search_momentum_search_nesterov, search_nesterov=True",search_momentum_search_nesterov,True,False,True,20,40,0.00044,0.9,True,0.00026,0.9,True,0.866929,0.866922,10,42
momentum2,1,"momentum2: run 1 - search_momentum_search_nesterov, search_nesterov=True",search_momentum_search_nesterov,True,False,True,21,42,0.00044,0.9,True,0.00026,0.9,True,0.866927,0.866919,5,20
momentum2,1,"momentum2: run 1 - search_momentum_search_nesterov, search_nesterov=True",search_momentum_search_nesterov,True,False,True,22,44,0.00044,0.9,True,0.00026,0.9,True,0.866924,0.866916,5,20
momentum2,1,"momentum2: run 1 - search_momentum_search_nesterov, search_nesterov=True",search_momentum_search_nesterov,True,False,True,23,46,0.00044,0.9,True,0.00026,0.9,True,0.866924,0.866914,5,20
momentum2,1,"momentum2: run 1 - search_momentum_search_nesterov, search_nesterov=True",search_momentum_search_nesterov,True,False,True,24,48,0.00026,0.9,True,,,None,0.866915,0.866915,8,8
momentum,0,"momentum: run 0 - fixed_m0p6_nesterov, nesterov=True",fixed_m0p6_nesterov,False,True,unknown,0,0,0.2,0.6,,0.072,0.6,,2.203367,1.63364,3,15
momentum,0,"momentum: run 0 - fixed_m0p6_nesterov, nesterov=True",fixed_m0p6_nesterov,False,True,unknown,1,2,0.12,0.6,,0.043,0.6,,1.620513,1.206598,4,20
momentum,0,"momentum: run 0 - fixed_m0p6_nesterov, nesterov=True",fixed_m0p6_nesterov,False,True,unknown,2,4,0.2,0.6,,0.072,0.6,,1.481898,1.017402,4,20
momentum,0,"momentum: run 0 - fixed_m0p6_nesterov, nesterov=True",fixed_m0p6_nesterov,False,True,unknown,3,6,0.072,0.6,,0.026,0.6,,1.021792,0.912674,5,25
momentum,0,"momentum: run 0 - fixed_m0p6_nesterov, nesterov=True",fixed_m0p6_nesterov,False,True,unknown,4,8,0.026,0.6,,0.016,0.6,,0.912791,0.886697,5,22
momentum,0,"momentum: run 0 - fixed_m0p6_nesterov, nesterov=True",fixed_m0p6_nesterov,False,True,unknown,5,10,0.016,0.6,,0.0093,0.6,,0.886808,0.879469,4,17
momentum,0,"momentum: run 0 - fixed_m0p6_nesterov, nesterov=True",fixed_m0p6_nesterov,False,True,unknown,6,12,0.0093,0.6,,0.0056,0.6,,0.879578,0.875201,4,18
momentum,0,"momentum: run 0 - fixed_m0p6_nesterov, nesterov=True",fixed_m0p6_nesterov,False,True,unknown,7,14,0.0056,0.6,,0.0034,0.6,,0.875292,0.8733,4,16
momentum,0,"momentum: run 0 - fixed_m0p6_nesterov, nesterov=True",fixed_m0p6_nesterov,False,True,unknown,8,16,0.0093,0.6,,0.0056,0.6,,0.874635,0.871714,4,17
momentum,0,"momentum: run 0 - fixed_m0p6_nesterov, nesterov=True",fixed_m0p6_nesterov,False,True,unknown,9,18,0.0056,0.6,,0.0034,0.6,,0.871684,0.870341,4,18
momentum,0,"momentum: run 0 - fixed_m0p6_nesterov, nesterov=True",fixed_m0p6_nesterov,False,True,unknown,10,20,0.0034,0.6,,0.002,0.6,,0.870348,0.869664,4,17
momentum,0,"momentum: run 0 - fixed_m0p6_nesterov, nesterov=True",fixed_m0p6_nesterov,False,True,unknown,11,22,0.0034,0.6,,0.002,0.6,,0.869779,0.8692,3,12
momentum,0,"momentum: run 0 - fixed_m0p6_nesterov, nesterov=True",fixed_m0p6_nesterov,False,True,unknown,12,24,0.0056,0.6,,0.002,0.6,,0.869668,0.868849,4,18
momentum,0,"momentum: run 0 - fixed_m0p6_nesterov, nesterov=True",fixed_m0p6_nesterov,False,True,unknown,13,26,0.0034,0.6,,0.002,0.6,,0.869107,0.868426,4,18
momentum,0,"momentum: run 0 - fixed_m0p6_nesterov, nesterov=True",fixed_m0p6_nesterov,False,True,unknown,14,28,0.002,0.6,,0.0012,0.6,,0.868431,0.868146,4,17
momentum,0,"momentum: run 0 - fixed_m0p6_nesterov, nesterov=True",fixed_m0p6_nesterov,False,True,unknown,15,30,0.002,0.6,,0.0012,0.6,,0.868194,0.867975,3,12
momentum,0,"momentum: run 0 - fixed_m0p6_nesterov, nesterov=True",fixed_m0p6_nesterov,False,True,unknown,16,32,0.0093,0.6,,0.002,0.6,,0.870263,0.867688,6,29
momentum,0,"momentum: run 0 - fixed_m0p6_nesterov, nesterov=True",fixed_m0p6_nesterov,False,True,unknown,17,34,0.002,0.6,,0.0012,0.6,,0.867719,0.867454,6,28
momentum,0,"momentum: run 0 - fixed_m0p6_nesterov, nesterov=True",fixed_m0p6_nesterov,False,True,unknown,18,36,0.0012,0.6,,0.00073,0.6,,0.867447,0.867358,4,17
momentum,0,"momentum: run 0 - fixed_m0p6_nesterov, nesterov=True",fixed_m0p6_nesterov,False,True,unknown,19,38,0.00073,0.6,,0.00073,0.6,,0.86736,0.867308,4,15
momentum,0,"momentum: run 0 - fixed_m0p6_nesterov, nesterov=True",fixed_m0p6_nesterov,False,True,unknown,20,40,0.0034,0.6,,0.0012,0.6,,0.86779,0.86723,6,25
momentum,0,"momentum: run 0 - fixed_m0p6_nesterov, nesterov=True",fixed_m0p6_nesterov,False,True,unknown,21,42,0.002,0.6,,0.00073,0.6,,0.867426,0.867153,4,15
momentum,0,"momentum: run 0 - fixed_m0p6_nesterov, nesterov=True",fixed_m0p6_nesterov,False,True,unknown,22,44,0.00073,0.6,,0.00044,0.6,,0.867157,0.867124,5,24
momentum,0,"momentum: run 0 - fixed_m0p6_nesterov, nesterov=True",fixed_m0p6_nesterov,False,True,unknown,23,46,0.00073,0.6,,0.00044,0.6,,0.86713,0.867102,3,11
momentum,0,"momentum: run 0 - fixed_m0p6_nesterov, nesterov=True",fixed_m0p6_nesterov,False,True,unknown,24,48,0.00044,0.6,,,,,0.867103,0.867103,4,4
momentum,1,"momentum: run 1 - search_momentum, nesterov=False",search_momentum,True,False,unknown,0,0,0.12,0.5,,0.12,0.9,,2.205312,1.489844,10,170
momentum,1,"momentum: run 1 - search_momentum, nesterov=False",search_momentum,True,False,unknown,1,2,0.12,0.5,,0.043,0.6,,1.458721,1.067623,5,67
momentum,1,"momentum: run 1 - search_momentum, nesterov=False",search_momentum,True,False,unknown,2,4,0.043,0.6,,0.026,0.6,,1.070868,0.930354,13,115
momentum,1,"momentum: run 1 - search_momentum, nesterov=False",search_momentum,True,False,unknown,3,6,0.016,0.6,,0.026,0.8,,0.954941,0.893433,11,108
momentum,1,"momentum: run 1 - search_momentum, nesterov=False",search_momentum,True,False,unknown,4,8,0.026,0.6,,0.0056,0.6,,0.89595,0.883505,8,74
momentum,1,"momentum: run 1 - search_momentum, nesterov=False",search_momentum,True,False,unknown,5,10,0.016,0.7,,0.0093,0.7,,0.887195,0.875439,10,82
momentum,1,"momentum: run 1 - search_momentum, nesterov=False",search_momentum,True,False,unknown,6,12,0.0093,0.7,,0.0056,0.7,,0.876151,0.872044,8,70
momentum,1,"momentum: run 1 - search_momentum, nesterov=False",search_momentum,True,False,unknown,7,14,0.0093,0.7,,0.0056,0.7,,0.874204,0.870214,5,43
momentum,1,"momentum: run 1 - search_momentum, nesterov=False",search_momentum,True,False,unknown,8,16,0.0056,0.7,,0.0034,0.7,,0.870667,0.8692,8,64
momentum,1,"momentum: run 1 - search_momentum, nesterov=False",search_momentum,True,False,unknown,9,18,0.0034,0.7,,0.0034,0.7,,0.869128,0.868493,8,55
momentum,1,"momentum: run 1 - search_momentum, nesterov=False",search_momentum,True,False,unknown,10,20,0.0034,0.8,,0.0034,0.8,,0.868719,0.868019,8,73
momentum,1,"momentum: run 1 - search_momentum, nesterov=False",search_momentum,True,False,unknown,11,22,0.0034,0.9,,0.0034,0.9,,0.868204,0.867577,7,43
momentum,1,"momentum: run 1 - search_momentum, nesterov=False",search_momentum,True,False,unknown,12,24,0.002,0.9,,0.0034,0.9,,0.8677,0.867475,6,45
momentum,1,"momentum: run 1 - search_momentum, nesterov=False",search_momentum,True,False,unknown,13,26,0.002,0.8,,0.002,0.8,,0.867624,0.8673,7,46
momentum,1,"momentum: run 1 - search_momentum, nesterov=False",search_momentum,True,False,unknown,14,28,0.002,0.8,,0.002,0.8,,0.867692,0.867258,5,35
momentum,1,"momentum: run 1 - search_momentum, nesterov=False",search_momentum,True,False,unknown,15,30,0.0012,0.8,,0.00073,0.8,,0.867313,0.867215,8,60
momentum,1,"momentum: run 1 - search_momentum, nesterov=False",search_momentum,True,False,unknown,16,32,0.002,0.8,,0.0012,0.8,,0.867303,0.867127,8,56
momentum,1,"momentum: run 1 - search_momentum, nesterov=False",search_momentum,True,False,unknown,17,34,0.0012,0.8,,0.0012,0.8,,0.867163,0.867077,8,57
momentum,1,"momentum: run 1 - search_momentum, nesterov=False",search_momentum,True,False,unknown,18,36,0.0012,0.9,,0.0012,0.9,,0.867184,0.867035,7,50
momentum,1,"momentum: run 1 - search_momentum, nesterov=False",search_momentum,True,False,unknown,19,38,0.00073,0.9,,0.00044,0.9,,0.86707,0.867029,6,40
momentum,1,"momentum: run 1 - search_momentum, nesterov=False",search_momentum,True,False,unknown,20,40,0.0012,0.9,,0.0012,0.9,,0.867127,0.866998,6,35
momentum,1,"momentum: run 1 - search_momentum, nesterov=False",search_momentum,True,False,unknown,21,42,0.00073,0.9,,0.00044,0.9,,0.867021,0.866992,6,42
momentum,1,"momentum: run 1 - search_momentum, nesterov=False",search_momentum,True,False,unknown,22,44,0.00073,0.8,,0.00073,0.8,,0.867035,0.866967,7,45
momentum,1,"momentum: run 1 - search_momentum, nesterov=False",search_momentum,True,False,unknown,23,46,0.00044,0.8,,0.00026,0.8,,0.866983,0.866968,8,57
momentum,1,"momentum: run 1 - search_momentum, nesterov=False",search_momentum,True,False,unknown,24,48,0.00026,0.8,,,,,0.86697,0.86697,8,8
