run,batch_size,interval_scheduler,search_step,start_muon_lr,end_muon_lr,muon_lr,muon_momentum,interval_loss,final_loss
0,500,exp_linear,1,2.6,0.026,0.026,0.6,0.869773,0.869773
0,500,exp_linear,1,2.6,0.016,0.016,0.6,0.868262,0.868262
0,500,exp_linear,1,2.6,0.0093,0.0093,0.6,0.867711,0.867711
0,500,exp_linear,1,2.6,0.0093,0.0093,0.7,0.867603,0.867603
0,500,exp_linear,1,2.6,0.0056,0.0056,0.6,0.867553,0.867553
0,500,exp_linear,1,2.6,0.0056,0.0056,0.7,0.867416,0.867416
0,500,exp_linear,1,2.6,0.0034,0.0034,0.6,0.867611,0.867611
0,500,exp_linear,1,2.6,0.0034,0.0034,0.7,0.867853,0.867853
0,500,exp_linear,1,1.5,0.072,0.072,0.6,0.878574,0.878574
0,500,exp_linear,1,1.5,0.043,0.043,0.6,0.872523,0.872523
0,500,exp_linear,1,1.5,0.026,0.026,0.6,0.869682,0.869682
0,500,exp_linear,1,1.5,0.016,0.016,0.5,0.868248,0.868248
0,500,exp_linear,1,1.5,0.016,0.016,0.6,0.868307,0.868307
0,500,exp_linear,1,1.5,0.016,0.016,0.7,0.868191,0.868191
0,500,exp_linear,1,1.5,0.0093,0.0093,0.5,0.868039,0.868039
0,500,exp_linear,1,1.5,0.0093,0.0093,0.6,0.867676,0.867676
0,500,exp_linear,1,1.5,0.0093,0.0093,0.7,0.867636,0.867636
0,500,exp_linear,1,1.5,0.0056,0.0056,0.5,0.867707,0.867707
0,500,exp_linear,1,1.5,0.0056,0.0056,0.6,0.867533,0.867533
0,500,exp_linear,1,1.5,0.0056,0.0056,0.7,0.867375,0.867375
0,500,exp_linear,1,1.5,0.0056,0.0056,0.8,0.867675,0.867675
0,500,exp_linear,1,1.5,0.0034,0.0034,0.6,0.867493,0.867493
0,500,exp_linear,1,1.5,0.0034,0.0034,0.7,0.867522,0.867522
0,500,exp_linear,1,0.93,0.12,0.12,0.6,0.893012,0.893012
0,500,exp_linear,1,0.93,0.072,0.072,0.6,0.878903,0.878903
0,500,exp_linear,1,0.93,0.043,0.043,0.5,0.872904,0.872904
0,500,exp_linear,1,0.93,0.043,0.043,0.6,0.870819,0.870819
0,500,exp_linear,1,0.93,0.043,0.043,0.7,0.875115,0.875115
0,500,exp_linear,1,0.93,0.026,0.026,0.5,0.870085,0.870085
0,500,exp_linear,1,0.93,0.026,0.026,0.6,0.869311,0.869311
0,500,exp_linear,1,0.93,0.026,0.026,0.7,0.869687,0.869687
0,500,exp_linear,1,0.93,0.016,0.016,0.6,0.868512,0.868512
0,500,exp_linear,1,0.93,0.0093,0.0093,0.6,0.86791,0.86791
0,500,exp_linear,1,0.93,0.0093,0.0093,0.7,0.867917,0.867917
0,500,exp_linear,1,0.93,0.0056,0.0056,0.6,0.86774,0.86774
0,500,exp_linear,1,0.93,0.0056,0.0056,0.7,0.867585,0.867585
0,500,exp_linear,1,0.93,0.0034,0.0034,0.6,0.86763,0.86763
0,500,exp_linear,1,0.93,0.0034,0.0034,0.7,0.86768,0.86768
0,500,exp_linear,1,0.56,0.2,0.2,0.6,0.930936,0.930936
0,500,exp_linear,1,0.56,0.12,0.12,0.6,0.893743,0.893743
0,500,exp_linear,1,0.56,0.072,0.072,0.5,0.878384,0.878384
0,500,exp_linear,1,0.56,0.072,0.072,0.6,0.878836,0.878836
0,500,exp_linear,1,0.56,0.072,0.072,0.7,0.878399,0.878399
0,500,exp_linear,1,0.56,0.043,0.043,0.6,0.87352,0.87352
0,500,exp_linear,1,0.56,0.026,0.026,0.6,0.871492,0.871492
0,500,exp_linear,1,0.56,0.016,0.016,0.6,0.86898,0.86898
0,500,exp_linear,1,0.33,0.33,0.33,0.6,1.125175,1.125175
0,500,exp_linear,1,0.33,0.2,0.2,0.6,0.951349,0.951349
0,500,exp_linear,1,0.33,0.12,0.12,0.5,0.899825,0.899825
0,500,exp_linear,1,0.33,0.12,0.12,0.6,0.903733,0.903733
0,500,exp_linear,1,0.33,0.12,0.12,0.7,0.898671,0.898671
0,500,exp_linear,1,0.33,0.072,0.072,0.6,0.882717,0.882717
0,500,exp_linear,1,0.33,0.043,0.043,0.6,0.874027,0.874027
0,500,exp_linear,1,0.2,0.33,0.33,0.6,0.998685,0.998685
0,500,exp_linear,1,0.2,0.2,0.2,0.5,0.948252,0.948252
0,500,exp_linear,1,0.2,0.2,0.2,0.6,0.945679,0.945679
0,500,exp_linear,1,0.2,0.2,0.2,0.7,0.948019,0.948019
0,500,exp_linear,1,0.2,0.12,0.12,0.6,0.90603,0.90603
0,500,exp_linear,1,0.2,0.072,0.072,0.6,0.886454,0.886454
0,500,exp_linear,1,0.12,0.33,0.33,0.6,1.109618,1.109618
0,500,exp_linear,1,0.12,0.2,0.2,0.6,0.960184,0.960184
0,500,exp_linear,1,0.12,0.12,0.12,0.6,0.907591,0.907591
1,500,linear,1,0.93,0.12,0.12,0.6,0.892923,0.892923
1,500,linear,1,0.93,0.072,0.072,0.6,0.878675,0.878675
1,500,linear,1,0.93,0.043,0.043,0.6,0.87305,0.87305
1,500,linear,1,0.93,0.026,0.026,0.6,0.871057,0.871057
1,500,linear,1,0.93,0.016,0.016,0.6,0.869933,0.869933
1,500,linear,1,0.93,0.0093,0.0093,0.6,0.871404,0.871404
1,500,linear,1,0.56,0.2,0.2,0.6,0.943686,0.943686
1,500,linear,1,0.56,0.12,0.12,0.6,0.893099,0.893099
1,500,linear,1,0.56,0.072,0.072,0.5,0.876822,0.876822
1,500,linear,1,0.56,0.072,0.072,0.6,0.878143,0.878143
1,500,linear,1,0.56,0.072,0.072,0.7,0.879686,0.879686
1,500,linear,1,0.56,0.043,0.043,0.5,0.871447,0.871447
1,500,linear,1,0.56,0.043,0.043,0.6,0.871098,0.871098
1,500,linear,1,0.56,0.043,0.043,0.7,0.870644,0.870644
1,500,linear,1,0.56,0.026,0.026,0.5,0.868928,0.868928
1,500,linear,1,0.56,0.026,0.026,0.6,0.869545,0.869545
1,500,linear,1,0.56,0.026,0.026,0.7,0.869238,0.869238
1,500,linear,1,0.56,0.016,0.016,0.5,0.868306,0.868306
1,500,linear,1,0.56,0.016,0.016,0.6,0.868583,0.868583
1,500,linear,1,0.56,0.016,0.016,0.7,0.868874,0.868874
1,500,linear,1,0.56,0.0093,0.0093,0.6,0.868673,0.868673
1,500,linear,1,0.56,0.0056,0.0056,0.6,0.868347,0.868347
1,500,linear,1,0.33,0.33,0.33,0.6,1.125175,1.125175
1,500,linear,1,0.33,0.2,0.2,0.6,0.974129,0.974129
1,500,linear,1,0.33,0.12,0.12,0.5,0.895987,0.895987
1,500,linear,1,0.33,0.12,0.12,0.6,0.896833,0.896833
1,500,linear,1,0.33,0.12,0.12,0.7,0.898389,0.898389
1,500,linear,1,0.33,0.072,0.072,0.6,0.879538,0.879538
1,500,linear,1,0.33,0.043,0.043,0.6,0.875009,0.875009
1,500,linear,1,0.33,0.026,0.026,0.6,0.870721,0.870721
1,500,linear,1,0.33,0.016,0.016,0.6,0.868585,0.868585
1,500,linear,1,0.33,0.0093,0.0093,0.5,0.867507,0.867507
1,500,linear,1,0.33,0.0093,0.0093,0.6,0.867595,0.867595
1,500,linear,1,0.33,0.0093,0.0093,0.7,0.868117,0.868117
1,500,linear,1,0.33,0.0056,0.0056,0.6,0.867628,0.867628
1,500,linear,1,0.33,0.0034,0.0034,0.6,0.867621,0.867621
1,500,linear,1,0.2,0.33,0.33,0.6,1.168703,1.168703
1,500,linear,1,0.2,0.2,0.2,0.5,0.948252,0.948252
1,500,linear,1,0.2,0.2,0.2,0.6,0.945679,0.945679
1,500,linear,1,0.2,0.2,0.2,0.7,0.948019,0.948019
1,500,linear,1,0.2,0.12,0.12,0.6,0.904874,0.904874
1,500,linear,1,0.2,0.072,0.072,0.6,0.883786,0.883786
1,500,linear,1,0.2,0.016,0.016,0.6,0.867939,0.867939
1,500,linear,1,0.2,0.0093,0.0093,0.6,0.867411,0.867411
1,500,linear,1,0.2,0.0056,0.0056,0.5,0.867234,0.867234
1,500,linear,1,0.2,0.0056,0.0056,0.6,0.867302,0.867302
1,500,linear,1,0.2,0.0056,0.0056,0.7,0.867493,0.867493
1,500,linear,1,0.2,0.0034,0.0034,0.6,0.867242,0.867242
1,500,linear,1,0.2,0.002,0.002,0.6,0.86725,0.86725
1,500,linear,1,0.12,0.33,0.33,0.6,1.041617,1.041617
1,500,linear,1,0.12,0.2,0.2,0.6,0.955056,0.955056
1,500,linear,1,0.12,0.12,0.12,0.6,0.907591,0.907591
1,500,linear,1,0.12,0.0093,0.0093,0.6,0.867538,0.867538
1,500,linear,1,0.12,0.0056,0.0056,0.6,0.867233,0.867233
1,500,linear,1,0.12,0.0034,0.0034,0.5,0.86721,0.86721
1,500,linear,1,0.12,0.0034,0.0034,0.6,0.867143,0.867143
1,500,linear,1,0.12,0.0034,0.0034,0.7,0.867306,0.867306
1,500,linear,1,0.12,0.002,0.002,0.6,0.867147,0.867147
1,500,linear,1,0.12,0.0012,0.0012,0.6,0.867166,0.867166
1,500,linear,1,0.072,0.0056,0.0056,0.6,0.867542,0.867542
1,500,linear,1,0.072,0.0034,0.0034,0.6,0.867207,0.867207
1,500,linear,1,0.072,0.002,0.002,0.5,0.86716,0.86716
1,500,linear,1,0.072,0.002,0.002,0.6,0.867141,0.867141
1,500,linear,1,0.072,0.002,0.002,0.7,0.867279,0.867279
1,500,linear,1,0.072,0.0012,0.0012,0.6,0.867189,0.867189
1,500,linear,1,0.043,0.0034,0.0034,0.6,0.868096,0.868096
1,500,linear,1,0.043,0.002,0.002,0.6,0.867599,0.867599
1,500,linear,1,0.043,0.0012,0.0012,0.6,0.867441,0.867441
2,500,constant,1,0.33,0.33,0.33,0.6,1.125175,1.125175
2,500,constant,1,0.33,0.33,0.33,0.99,0.87071,0.87071
2,500,constant,1,0.2,0.2,0.2,0.5,0.948252,0.948252
2,500,constant,1,0.2,0.2,0.2,0.6,0.945679,0.945679
2,500,constant,1,0.2,0.2,0.2,0.7,0.948019,0.948019
2,500,constant,1,0.2,0.2,0.2,0.95,0.873139,0.873139
2,500,constant,1,0.2,0.2,0.2,0.99,0.868958,0.868958
2,500,constant,1,0.12,0.12,0.12,0.5,0.909505,0.909505
2,500,constant,1,0.12,0.12,0.12,0.6,0.907591,0.907591
2,500,constant,1,0.12,0.12,0.12,0.7,0.907593,0.907593
2,500,constant,1,0.12,0.12,0.12,0.8,0.900084,0.900084
2,500,constant,1,0.12,0.12,0.12,0.9,0.882709,0.882709
2,500,constant,1,0.12,0.12,0.12,0.95,0.873035,0.873035
2,500,constant,1,0.12,0.12,0.12,0.99,0.871697,0.871697
2,500,constant,1,0.072,0.072,0.072,0.5,0.896308,0.896308
2,500,constant,1,0.072,0.072,0.072,0.6,0.89308,0.89308
2,500,constant,1,0.072,0.072,0.072,0.7,0.888765,0.888765
2,500,constant,1,0.072,0.072,0.072,0.8,0.887275,0.887275
2,500,constant,1,0.072,0.072,0.072,0.9,0.880371,0.880371
2,500,constant,1,0.072,0.072,0.072,0.95,0.877438,0.877438
2,500,constant,1,0.072,0.072,0.072,0.99,0.876598,0.876598
2,500,constant,1,0.043,0.043,0.043,0.6,0.891618,0.891618
2,500,constant,1,0.043,0.043,0.043,0.7,0.891008,0.891008
2,500,constant,1,0.043,0.043,0.043,0.8,0.883908,0.883908
2,500,constant,1,0.043,0.043,0.043,0.9,0.880077,0.880077
2,500,constant,1,0.043,0.043,0.043,0.95,0.880122,0.880122
3,2000,exp_linear,1,0.93,0.072,0.072,0.6,0.881018,0.881018
3,2000,exp_linear,1,0.93,0.043,0.043,0.6,0.874223,0.874223
3,2000,exp_linear,1,0.93,0.026,0.026,0.6,0.87125,0.87125
3,2000,exp_linear,1,0.93,0.016,0.016,0.6,0.869933,0.869933
3,2000,exp_linear,1,0.93,0.0093,0.0093,0.6,0.869804,0.869804
3,2000,exp_linear,1,0.56,0.2,0.2,0.6,0.947578,0.947578
3,2000,exp_linear,1,0.56,0.12,0.12,0.6,0.896049,0.896049
3,2000,exp_linear,1,0.56,0.072,0.072,0.6,0.882825,0.882825
3,2000,exp_linear,1,0.56,0.043,0.043,0.5,0.875135,0.875135
3,2000,exp_linear,1,0.56,0.043,0.043,0.6,0.874209,0.874209
3,2000,exp_linear,1,0.56,0.043,0.043,0.7,0.874114,0.874114
3,2000,exp_linear,1,0.56,0.026,0.026,0.5,0.871974,0.871974
3,2000,exp_linear,1,0.56,0.026,0.026,0.6,0.870305,0.870305
3,2000,exp_linear,1,0.56,0.026,0.026,0.7,0.870606,0.870606
3,2000,exp_linear,1,0.56,0.016,0.016,0.5,0.870412,0.870412
3,2000,exp_linear,1,0.56,0.016,0.016,0.6,0.869342,0.869342
3,2000,exp_linear,1,0.56,0.016,0.016,0.7,0.869036,0.869036
3,2000,exp_linear,1,0.56,0.0093,0.0093,0.6,0.868805,0.868805
3,2000,exp_linear,1,0.56,0.0056,0.0056,0.6,0.869019,0.869019
3,2000,exp_linear,1,0.56,0.0056,0.0056,0.7,0.868335,0.868335
3,2000,exp_linear,1,0.56,0.0034,0.0034,0.6,0.869268,0.869268
3,2000,exp_linear,1,0.56,0.0034,0.0034,0.7,0.868923,0.868923
3,2000,exp_linear,1,0.56,0.002,0.002,0.6,0.870778,0.870778
3,2000,exp_linear,1,0.56,0.002,0.002,0.7,0.870408,0.870408
3,2000,exp_linear,1,0.33,0.33,0.33,0.6,1.030748,1.030748
3,2000,exp_linear,1,0.33,0.2,0.2,0.6,0.990758,0.990758
3,2000,exp_linear,1,0.33,0.12,0.12,0.5,0.917901,0.917901
3,2000,exp_linear,1,0.33,0.12,0.12,0.6,0.908326,0.908326
3,2000,exp_linear,1,0.33,0.12,0.12,0.7,0.912169,0.912169
3,2000,exp_linear,1,0.33,0.072,0.072,0.5,0.882659,0.882659
3,2000,exp_linear,1,0.33,0.072,0.072,0.6,0.880908,0.880908
3,2000,exp_linear,1,0.33,0.072,0.072,0.7,0.883414,0.883414
3,2000,exp_linear,1,0.33,0.043,0.043,0.6,0.874214,0.874214
3,2000,exp_linear,1,0.33,0.026,0.026,0.6,0.871122,0.871122
3,2000,exp_linear,1,0.33,0.016,0.016,0.6,0.870266,0.870266
3,2000,exp_linear,1,0.33,0.0093,0.0093,0.5,0.868826,0.868826
3,2000,exp_linear,1,0.33,0.0093,0.0093,0.6,0.868586,0.868586
3,2000,exp_linear,1,0.33,0.0093,0.0093,0.7,0.868751,0.868751
3,2000,exp_linear,1,0.33,0.0056,0.0056,0.5,0.868401,0.868401
3,2000,exp_linear,1,0.33,0.0056,0.0056,0.6,0.867991,0.867991
3,2000,exp_linear,1,0.33,0.0056,0.0056,0.7,0.867788,0.867788
3,2000,exp_linear,1,0.33,0.0034,0.0034,0.5,0.868247,0.868247
3,2000,exp_linear,1,0.33,0.0034,0.0034,0.6,0.867721,0.867721
3,2000,exp_linear,1,0.33,0.0034,0.0034,0.7,0.867627,0.867627
3,2000,exp_linear,1,0.33,0.0034,0.0034,0.8,0.868207,0.868207
3,2000,exp_linear,1,0.33,0.002,0.002,0.6,0.86806,0.86806
3,2000,exp_linear,1,0.33,0.002,0.002,0.7,0.868016,0.868016
3,2000,exp_linear,1,0.33,0.0012,0.0012,0.7,0.86937,0.86937
3,2000,exp_linear,1,0.2,0.33,0.33,0.6,1.051597,1.051597
3,2000,exp_linear,1,0.2,0.2,0.2,0.5,0.94655,0.94655
3,2000,exp_linear,1,0.2,0.2,0.2,0.6,0.992327,0.992327
3,2000,exp_linear,1,0.2,0.2,0.2,0.7,0.958667,0.958667
3,2000,exp_linear,1,0.2,0.12,0.12,0.6,0.910235,0.910235
3,2000,exp_linear,1,0.2,0.072,0.072,0.6,0.887777,0.887777
3,2000,exp_linear,1,0.2,0.043,0.043,0.6,0.877606,0.877606
3,2000,exp_linear,1,0.2,0.016,0.016,0.6,0.870883,0.870883
3,2000,exp_linear,1,0.2,0.0093,0.0093,0.6,0.869215,0.869215
3,2000,exp_linear,1,0.2,0.0056,0.0056,0.6,0.868247,0.868247
3,2000,exp_linear,1,0.2,0.0056,0.0056,0.7,0.868177,0.868177
3,2000,exp_linear,1,0.2,0.0034,0.0034,0.6,0.867927,0.867927
3,2000,exp_linear,1,0.2,0.0034,0.0034,0.7,0.867728,0.867728
3,2000,exp_linear,1,0.2,0.002,0.002,0.6,0.867813,0.867813
3,2000,exp_linear,1,0.2,0.002,0.002,0.7,0.867586,0.867586
3,2000,exp_linear,1,0.2,0.002,0.002,0.8,0.868159,0.868159
3,2000,exp_linear,1,0.2,0.0012,0.0012,0.7,0.86808,0.86808
3,2000,exp_linear,1,0.12,0.33,0.33,0.6,1.071079,1.071079
3,2000,exp_linear,1,0.12,0.2,0.2,0.6,1.0155,1.0155
3,2000,exp_linear,1,0.12,0.12,0.12,0.6,0.921415,0.921415
3,2000,exp_linear,1,0.12,0.0034,0.0034,0.7,0.868044,0.868044
3,2000,exp_linear,1,0.12,0.002,0.002,0.7,0.867791,0.867791
3,2000,exp_linear,1,0.12,0.0012,0.0012,0.7,0.868199,0.868199
4,2000,linear,1,0.56,0.12,0.12,0.6,0.901082,0.901082
4,2000,linear,1,0.56,0.072,0.072,0.6,0.878794,0.878794
4,2000,linear,1,0.56,0.043,0.043,0.6,0.872825,0.872825
4,2000,linear,1,0.56,0.026,0.026,0.6,0.870579,0.870579
4,2000,linear,1,0.56,0.016,0.016,0.6,0.869935,0.869935
4,2000,linear,1,0.33,0.33,0.33,0.6,1.030748,1.030748
4,2000,linear,1,0.33,0.2,0.2,0.6,0.973502,0.973502
4,2000,linear,1,0.33,0.12,0.12,0.6,0.923082,0.923082
4,2000,linear,1,0.33,0.072,0.072,0.5,0.883381,0.883381
4,2000,linear,1,0.33,0.072,0.072,0.6,0.882471,0.882471
4,2000,linear,1,0.33,0.072,0.072,0.7,0.887479,0.887479
4,2000,linear,1,0.33,0.043,0.043,0.5,0.874316,0.874316
4,2000,linear,1,0.33,0.043,0.043,0.6,0.871975,0.871975
4,2000,linear,1,0.33,0.043,0.043,0.7,0.872417,0.872417
4,2000,linear,1,0.33,0.026,0.026,0.5,0.869776,0.869776
4,2000,linear,1,0.33,0.026,0.026,0.6,0.86963,0.86963
4,2000,linear,1,0.33,0.026,0.026,0.7,0.869568,0.869568
4,2000,linear,1,0.33,0.016,0.016,0.6,0.868475,0.868475
4,2000,linear,1,0.33,0.0093,0.0093,0.6,0.868095,0.868095
4,2000,linear,1,0.33,0.0056,0.0056,0.6,0.867977,0.867977
4,2000,linear,1,0.33,0.0034,0.0034,0.6,0.868013,0.868013
4,2000,linear,1,0.33,0.002,0.002,0.6,0.868061,0.868061
4,2000,linear,1,0.33,0.0012,0.0012,0.6,0.868092,0.868092
4,2000,linear,1,0.2,0.33,0.33,0.6,1.036,1.036
4,2000,linear,1,0.2,0.2,0.2,0.5,0.94655,0.94655
4,2000,linear,1,0.2,0.2,0.2,0.6,0.992327,0.992327
4,2000,linear,1,0.2,0.2,0.2,0.7,0.958667,0.958667
4,2000,linear,1,0.2,0.12,0.12,0.5,0.915194,0.915194
4,2000,linear,1,0.2,0.12,0.12,0.6,0.919768,0.919768
4,2000,linear,1,0.2,0.12,0.12,0.7,0.911601,0.911601
4,2000,linear,1,0.2,0.072,0.072,0.6,0.886781,0.886781
4,2000,linear,1,0.2,0.043,0.043,0.6,0.87744,0.87744
4,2000,linear,1,0.2,0.026,0.026,0.6,0.871006,0.871006
4,2000,linear,1,0.2,0.016,0.016,0.5,0.869097,0.869097
4,2000,linear,1,0.2,0.016,0.016,0.6,0.868211,0.868211
4,2000,linear,1,0.2,0.016,0.016,0.7,0.869448,0.869448
4,2000,linear,1,0.2,0.0093,0.0093,0.5,0.867746,0.867746
4,2000,linear,1,0.2,0.0093,0.0093,0.6,0.867771,0.867771
4,2000,linear,1,0.2,0.0093,0.0093,0.7,0.86779,0.86779
4,2000,linear,1,0.2,0.0056,0.0056,0.5,0.86746,0.86746
4,2000,linear,1,0.2,0.0056,0.0056,0.6,0.867394,0.867394
4,2000,linear,1,0.2,0.0056,0.0056,0.7,0.867629,0.867629
4,2000,linear,1,0.2,0.0034,0.0034,0.5,0.867381,0.867381
4,2000,linear,1,0.2,0.0034,0.0034,0.6,0.86737,0.86737
4,2000,linear,1,0.2,0.0034,0.0034,0.7,0.867665,0.867665
4,2000,linear,1,0.2,0.002,0.002,0.5,0.867396,0.867396
4,2000,linear,1,0.2,0.002,0.002,0.6,0.867365,0.867365
4,2000,linear,1,0.2,0.002,0.002,0.7,0.867596,0.867596
4,2000,linear,1,0.2,0.0012,0.0012,0.6,0.867415,0.867415
4,2000,linear,1,0.12,0.33,0.33,0.6,1.05012,1.05012
4,2000,linear,1,0.12,0.2,0.2,0.6,0.959026,0.959026
4,2000,linear,1,0.12,0.12,0.12,0.6,0.921415,0.921415
4,2000,linear,1,0.12,0.072,0.072,0.6,0.902924,0.902924
4,2000,linear,1,0.12,0.026,0.026,0.6,0.874525,0.874525
4,2000,linear,1,0.12,0.016,0.016,0.6,0.870175,0.870175
4,2000,linear,1,0.12,0.0093,0.0093,0.6,0.86831,0.86831
4,2000,linear,1,0.12,0.0056,0.0056,0.6,0.867715,0.867715
4,2000,linear,1,0.12,0.0034,0.0034,0.6,0.867461,0.867461
4,2000,linear,1,0.12,0.002,0.002,0.6,0.867429,0.867429
4,2000,linear,1,0.12,0.0012,0.0012,0.6,0.867422,0.867422
5,2000,constant,1,0.33,0.33,0.33,0.6,1.030748,1.030748
5,2000,constant,1,0.2,0.2,0.2,0.5,0.94655,0.94655
5,2000,constant,1,0.2,0.2,0.2,0.6,0.992327,0.992327
5,2000,constant,1,0.2,0.2,0.2,0.7,0.958667,0.958667
5,2000,constant,1,0.12,0.12,0.12,0.5,0.934074,0.934074
5,2000,constant,1,0.12,0.12,0.12,0.6,0.921415,0.921415
5,2000,constant,1,0.12,0.12,0.12,0.7,0.909257,0.909257
5,2000,constant,1,0.12,0.12,0.12,0.8,0.923387,0.923387
5,2000,constant,1,0.072,0.072,0.072,0.6,0.915851,0.915851
5,2000,constant,1,0.072,0.072,0.072,0.7,0.910888,0.910888
6,10000,exp_linear,1,0.56,0.072,0.072,0.6,0.8996,0.8996
6,10000,exp_linear,1,0.56,0.072,0.072,0.7,0.897687,0.897687
6,10000,exp_linear,1,0.56,0.043,0.043,0.6,0.891857,0.891857
6,10000,exp_linear,1,0.56,0.043,0.043,0.7,0.885319,0.885319
6,10000,exp_linear,1,0.56,0.026,0.026,0.6,0.884593,0.884593
6,10000,exp_linear,1,0.56,0.026,0.026,0.7,0.879647,0.879647
6,10000,exp_linear,1,0.33,0.33,0.33,0.6,1.145522,1.145522
6,10000,exp_linear,1,0.33,0.2,0.2,0.6,0.981977,0.981977
6,10000,exp_linear,1,0.33,0.12,0.12,0.6,0.925194,0.925194
6,10000,exp_linear,1,0.33,0.072,0.072,0.6,0.897755,0.897755
6,10000,exp_linear,1,0.33,0.072,0.072,0.7,0.893833,0.893833
6,10000,exp_linear,1,0.33,0.043,0.043,0.5,0.887834,0.887834
6,10000,exp_linear,1,0.33,0.043,0.043,0.6,0.887269,0.887269
6,10000,exp_linear,1,0.33,0.043,0.043,0.7,0.881938,0.881938
6,10000,exp_linear,1,0.33,0.043,0.043,0.8,0.881403,0.881403
6,10000,exp_linear,1,0.33,0.026,0.026,0.6,0.88237,0.88237
6,10000,exp_linear,1,0.33,0.026,0.026,0.7,0.879906,0.879906
6,10000,exp_linear,1,0.33,0.016,0.016,0.7,0.880725,0.880725
6,10000,exp_linear,1,0.33,0.0093,0.0093,0.7,0.88401,0.88401
6,10000,exp_linear,1,0.2,0.33,0.33,0.6,1.11267,1.11267
6,10000,exp_linear,1,0.2,0.2,0.2,0.5,0.98002,0.98002
6,10000,exp_linear,1,0.2,0.2,0.2,0.6,0.960694,0.960694
6,10000,exp_linear,1,0.2,0.2,0.2,0.7,0.980404,0.980404
6,10000,exp_linear,1,0.2,0.12,0.12,0.5,0.921394,0.921394
6,10000,exp_linear,1,0.2,0.12,0.12,0.6,0.922839,0.922839
6,10000,exp_linear,1,0.2,0.12,0.12,0.7,0.919461,0.919461
6,10000,exp_linear,1,0.2,0.072,0.072,0.5,0.898695,0.898695
6,10000,exp_linear,1,0.2,0.072,0.072,0.6,0.891511,0.891511
6,10000,exp_linear,1,0.2,0.072,0.072,0.7,0.892267,0.892267
6,10000,exp_linear,1,0.2,0.043,0.043,0.6,0.88733,0.88733
6,10000,exp_linear,1,0.2,0.043,0.043,0.7,0.881222,0.881222
6,10000,exp_linear,1,0.2,0.026,0.026,0.6,0.882922,0.882922
6,10000,exp_linear,1,0.2,0.026,0.026,0.7,0.878741,0.878741
6,10000,exp_linear,1,0.2,0.026,0.026,0.8,0.877726,0.877726
6,10000,exp_linear,1,0.2,0.016,0.016,0.6,0.880157,0.880157
6,10000,exp_linear,1,0.2,0.016,0.016,0.7,0.87704,0.87704
6,10000,exp_linear,1,0.2,0.016,0.016,0.8,0.877319,0.877319
6,10000,exp_linear,1,0.2,0.0093,0.0093,0.7,0.87909,0.87909
6,10000,exp_linear,1,0.12,0.33,0.33,0.6,1.123957,1.123957
6,10000,exp_linear,1,0.12,0.2,0.2,0.6,0.9868,0.9868
6,10000,exp_linear,1,0.12,0.12,0.12,0.6,0.933244,0.933244
6,10000,exp_linear,1,0.12,0.072,0.072,0.6,0.900779,0.900779
6,10000,exp_linear,1,0.12,0.043,0.043,0.6,0.890425,0.890425
6,10000,exp_linear,1,0.12,0.043,0.043,0.7,0.884245,0.884245
6,10000,exp_linear,1,0.12,0.026,0.026,0.7,0.879056,0.879056
6,10000,exp_linear,1,0.12,0.016,0.016,0.7,0.879629,0.879629
6,10000,exp_linear,1,0.12,0.0093,0.0093,0.7,0.880186,0.880186
7,10000,linear,1,0.56,0.072,0.072,0.6,0.891619,0.891619
7,10000,linear,1,0.56,0.043,0.043,0.6,0.887486,0.887486
7,10000,linear,1,0.56,0.026,0.026,0.6,0.880699,0.880699
7,10000,linear,1,0.33,0.33,0.33,0.6,1.128558,1.128558
7,10000,linear,1,0.33,0.2,0.2,0.6,0.983948,0.983948
7,10000,linear,1,0.33,0.12,0.12,0.6,0.92348,0.92348
7,10000,linear,1,0.33,0.072,0.072,0.6,0.891107,0.891107
7,10000,linear,1,0.33,0.043,0.043,0.5,0.882838,0.882838
7,10000,linear,1,0.33,0.043,0.043,0.6,0.879891,0.879891
7,10000,linear,1,0.33,0.043,0.043,0.7,0.880921,0.880921
7,10000,linear,1,0.33,0.026,0.026,0.6,0.877075,0.877075
7,10000,linear,1,0.33,0.026,0.026,0.7,0.876269,0.876269
7,10000,linear,1,0.33,0.016,0.016,0.6,0.875228,0.875228
7,10000,linear,1,0.33,0.016,0.016,0.7,0.876108,0.876108
7,10000,linear,1,0.33,0.0093,0.0093,0.6,0.875737,0.875737
7,10000,linear,1,0.33,0.0093,0.0093,0.7,0.875945,0.875945
7,10000,linear,1,0.2,0.33,0.33,0.6,1.115679,1.115679
7,10000,linear,1,0.2,0.2,0.2,0.5,0.973196,0.973196
7,10000,linear,1,0.2,0.2,0.2,0.6,0.9724,0.9724
7,10000,linear,1,0.2,0.2,0.2,0.7,0.984932,0.984932
7,10000,linear,1,0.2,0.12,0.12,0.6,0.916723,0.916723
7,10000,linear,1,0.2,0.072,0.072,0.5,0.894526,0.894526
7,10000,linear,1,0.2,0.072,0.072,0.6,0.894203,0.894203
7,10000,linear,1,0.2,0.072,0.072,0.7,0.895498,0.895498
7,10000,linear,1,0.2,0.043,0.043,0.6,0.880267,0.880267
7,10000,linear,1,0.2,0.026,0.026,0.5,0.8778,0.8778
7,10000,linear,1,0.2,0.026,0.026,0.6,0.875974,0.875974
7,10000,linear,1,0.2,0.026,0.026,0.7,0.874451,0.874451
7,10000,linear,1,0.2,0.016,0.016,0.5,0.875894,0.875894
7,10000,linear,1,0.2,0.016,0.016,0.6,0.873157,0.873157
7,10000,linear,1,0.2,0.016,0.016,0.7,0.87253,0.87253
7,10000,linear,1,0.2,0.016,0.016,0.8,0.87331,0.87331
7,10000,linear,1,0.2,0.0093,0.0093,0.6,0.872985,0.872985
7,10000,linear,1,0.2,0.0093,0.0093,0.7,0.872564,0.872564
7,10000,linear,1,0.12,0.33,0.33,0.6,1.132886,1.132886
7,10000,linear,1,0.12,0.2,0.2,0.6,0.987368,0.987368
7,10000,linear,1,0.12,0.12,0.12,0.5,0.930589,0.930589
7,10000,linear,1,0.12,0.12,0.12,0.6,0.913118,0.913118
7,10000,linear,1,0.12,0.12,0.12,0.7,0.918448,0.918448
7,10000,linear,1,0.12,0.072,0.072,0.6,0.896586,0.896586
7,10000,linear,1,0.12,0.043,0.043,0.6,0.884775,0.884775
7,10000,linear,1,0.12,0.026,0.026,0.6,0.878406,0.878406
7,10000,linear,1,0.12,0.026,0.026,0.7,0.87725,0.87725
7,10000,linear,1,0.12,0.016,0.016,0.6,0.875747,0.875747
7,10000,linear,1,0.12,0.016,0.016,0.7,0.874309,0.874309
7,10000,linear,1,0.12,0.0093,0.0093,0.6,0.874729,0.874729
7,10000,linear,1,0.12,0.0093,0.0093,0.7,0.873067,0.873067
7,10000,linear,1,0.072,0.2,0.2,0.6,0.998595,0.998595
7,10000,linear,1,0.072,0.12,0.12,0.6,0.937504,0.937504
7,10000,linear,1,0.072,0.072,0.072,0.6,0.909247,0.909247
8,10000,constant,1,0.33,0.33,0.33,0.6,1.120185,1.120185
8,10000,constant,1,0.2,0.2,0.2,0.5,0.990721,0.990721
8,10000,constant,1,0.2,0.2,0.2,0.6,0.981112,0.981112
8,10000,constant,1,0.2,0.2,0.2,0.7,0.963061,0.963061
8,10000,constant,1,0.12,0.12,0.12,0.5,0.924697,0.924697
8,10000,constant,1,0.12,0.12,0.12,0.6,0.930065,0.930065
8,10000,constant,1,0.12,0.12,0.12,0.7,0.928437,0.928437
8,10000,constant,1,0.12,0.12,0.12,0.8,0.917606,0.917606
8,10000,constant,1,0.12,0.12,0.12,0.9,0.904347,0.904347
8,10000,constant,1,0.072,0.072,0.072,0.5,0.922739,0.922739
8,10000,constant,1,0.072,0.072,0.072,0.6,0.917774,0.917774
8,10000,constant,1,0.072,0.072,0.072,0.7,0.900332,0.900332
8,10000,constant,1,0.072,0.072,0.072,0.8,0.898444,0.898444
8,10000,constant,1,0.072,0.072,0.072,0.9,0.888883,0.888883
8,10000,constant,1,0.072,0.072,0.072,0.95,0.890848,0.890848
8,10000,constant,1,0.043,0.043,0.043,0.6,0.9135,0.9135
8,10000,constant,1,0.043,0.043,0.043,0.7,0.909164,0.909164
8,10000,constant,1,0.043,0.043,0.043,0.8,0.898868,0.898868
8,10000,constant,1,0.043,0.043,0.043,0.9,0.895774,0.895774
