run,batch_size,N,start_step,start_muon_lr,end_muon_lr,selected_muon_lr,selected_muon_momentum,interval_loss,final_loss,evaluated_interval_configs,evaluated_configs
0,500,1,1,0.12,0.12,0.12,0.0,2.325418,2.325418,24,24
0,500,1,2,0.12,0.12,0.12,0.0,2.629159,2.629159,4,4
0,500,1,3,0.072,0.072,0.072,0.0,2.071935,2.071935,6,6
0,500,1,4,0.072,0.072,0.072,0.1,1.726686,1.726686,7,7
0,500,1,5,0.072,0.072,0.072,0.1,1.422044,1.422044,5,5
0,500,1,6,0.043,0.043,0.043,0.1,1.206981,1.206981,8,8
0,500,1,7,0.043,0.043,0.043,0.1,1.059947,1.059947,5,5
0,500,1,8,0.026,0.026,0.026,0.1,0.985502,0.985502,8,8
0,500,1,9,0.016,0.016,0.016,0.1,0.933513,0.933513,8,8
0,500,1,10,0.0093,0.0093,0.0093,0.1,0.908688,0.908688,8,8
0,500,1,11,0.0093,0.0093,0.0093,0.1,0.894641,0.894641,5,5
0,500,1,12,0.0034,0.0034,0.0034,0.1,0.889975,0.889975,11,11
0,500,1,13,0.0034,0.0034,0.0034,0.1,0.883975,0.883975,5,5
0,500,1,14,0.0034,0.0034,0.0034,0.1,0.881097,0.881097,5,5
0,500,1,15,0.0034,0.0034,0.0034,0.1,0.879189,0.879189,5,5
0,500,1,16,0.0034,0.0034,0.0034,0.1,0.878264,0.878264,5,5
0,500,1,17,0.0034,0.0034,0.0034,0.1,0.877096,0.877096,5,5
0,500,1,18,0.0034,0.0034,0.0034,0.1,0.875491,0.875491,5,5
0,500,1,19,0.0034,0.0034,0.0034,0.1,0.875222,0.875222,5,5
0,500,1,20,0.0034,0.0034,0.0034,0.1,0.87405,0.87405,5,5
0,500,1,21,0.0034,0.0034,0.0034,0.1,0.874029,0.874029,5,5
0,500,1,22,0.0034,0.0034,0.0034,0.1,0.872923,0.872923,5,5
0,500,1,23,0.0034,0.0034,0.0034,0.1,0.873074,0.873074,5,5
0,500,1,24,0.0034,0.0034,0.0034,0.1,0.872127,0.872127,5,5
0,500,1,25,0.0034,0.0034,0.0034,0.1,0.872349,0.872349,5,5
0,500,1,26,0.002,0.002,0.002,0.1,0.871468,0.871468,8,8
0,500,1,27,0.002,0.002,0.002,0.1,0.870064,0.870064,5,5
0,500,1,28,0.00044,0.00044,0.00044,0.1,0.870153,0.870153,14,14
0,500,1,29,0.00044,0.00044,0.00044,0.1,0.869784,0.869784,5,5
0,500,1,30,0.00073,0.00073,0.00073,0.1,0.869588,0.869588,8,8
1,500,2,1,0.56,0.2,0.2,0.0,2.510482,2.510482,73,73
1,500,2,3,0.2,0.072,0.072,0.2,1.714622,1.714622,39,39
1,500,2,5,0.072,0.072,0.072,0.3,1.12464,1.12464,20,20
1,500,2,7,0.072,0.043,0.043,0.4,0.938018,0.938018,24,24
1,500,2,9,0.026,0.016,0.016,0.3,0.893685,0.893685,31,31
1,500,2,11,0.016,0.0093,0.0093,0.4,0.877497,0.877497,24,24
1,500,2,13,0.0093,0.0056,0.0056,0.5,0.873146,0.873146,24,24
1,500,2,15,0.0056,0.002,0.002,0.6,0.870672,0.870672,32,32
1,500,2,17,0.0056,0.0034,0.0034,0.6,0.869509,0.869509,23,23
1,500,2,19,0.0056,0.0034,0.0034,0.8,0.868381,0.868381,33,33
1,500,2,21,0.0056,0.0034,0.0034,0.8,0.867795,0.867795,16,16
1,500,2,23,0.002,0.00073,0.00073,0.8,0.867507,0.867507,28,28
1,500,2,25,0.0034,0.0012,0.0012,0.8,0.867348,0.867348,28,28
1,500,2,27,0.0034,0.002,0.002,0.8,0.867243,0.867243,23,23
1,500,2,29,0.002,0.00044,0.00044,0.7,0.867152,0.867152,36,36
2,500,3,1,0.2,0.12,0.12,0.1,2.10437,2.10437,60,60
2,500,3,4,0.2,0.072,0.072,0.4,0.99613,0.99613,53,53
2,500,3,7,0.043,0.016,0.016,0.3,0.882784,0.882784,36,36
2,500,3,10,0.016,0.0093,0.0093,0.8,0.869987,0.869987,72,72
2,500,3,13,0.0093,0.002,0.002,0.8,0.867861,0.867861,30,30
2,500,3,16,0.0034,0.00044,0.00044,0.8,0.867275,0.867275,28,28
2,500,3,19,0.002,0.002,0.002,0.8,0.867073,0.867073,32,32
2,500,3,22,0.0012,0.0012,0.0012,0.8,0.866998,0.866998,18,18
2,500,3,25,0.00073,0.00073,0.00073,0.8,0.86696,0.86696,18,18
2,500,3,28,0.00073,0.00073,0.00073,0.8,0.866942,0.866942,11,11
3,500,5,1,0.12,0.072,0.072,0.1,1.430154,1.430154,65,65
3,500,5,6,0.072,0.0093,0.0093,0.2,0.890181,0.890181,42,42
3,500,5,11,0.0093,0.0056,0.0056,0.7,0.870089,0.870089,74,74
3,500,5,16,0.0056,0.002,0.002,0.9,0.867506,0.867506,41,41
3,500,5,21,0.0034,0.0012,0.0012,0.8,0.86703,0.86703,26,26
3,500,5,26,0.0012,0.00044,0.00044,0.8,0.866945,0.866945,24,24
4,500,7,1,0.12,0.072,0.072,0.5,1.054351,1.054351,31,31
4,500,7,8,0.043,0.0056,0.0056,0.5,0.871577,0.871577,41,41
4,500,7,15,0.0093,0.0012,0.0012,0.5,0.867608,0.867608,28,28
4,500,7,22,0.0093,0.0012,0.0012,0.5,0.867085,0.867085,36,36
4,500,7,29,0.002,0.0012,0.0012,0.5,0.867007,0.867007,16,16
5,500,9,1,0.12,0.026,0.026,0.5,0.922312,0.922312,41,41
5,500,9,10,0.016,0.0034,0.0034,0.5,0.868899,0.868899,40,40
5,500,9,19,0.0034,0.002,0.002,0.8,0.867139,0.867139,42,42
5,500,9,28,0.002,0.00044,0.00044,0.8,0.867011,0.867011,30,30
6,2000,1,1,0.12,0.12,0.12,0.0,2.220127,2.220127,24,24
6,2000,1,2,0.12,0.12,0.12,0.0,2.212795,2.212795,4,4
6,2000,1,3,0.12,0.12,0.12,0.0,1.962576,1.962576,4,4
6,2000,1,4,0.072,0.072,0.072,0.0,1.766238,1.766238,6,6
6,2000,1,5,0.072,0.072,0.072,0.0,1.568698,1.568698,4,4
6,2000,1,6,0.043,0.043,0.043,0.0,1.402127,1.402127,6,6
6,2000,1,7,0.043,0.043,0.043,0.0,1.259452,1.259452,4,4
6,2000,1,8,0.043,0.043,0.043,0.0,1.185441,1.185441,4,4
6,2000,1,9,0.043,0.043,0.043,0.0,1.148037,1.148037,4,4
6,2000,1,10,0.043,0.043,0.043,0.0,1.083605,1.083605,4,4
6,2000,1,11,0.043,0.043,0.043,0.0,1.07644,1.07644,4,4
6,2000,1,12,0.043,0.043,0.043,0.0,1.015702,1.015702,4,4
6,2000,1,13,0.043,0.043,0.043,0.0,1.019091,1.019091,4,4
6,2000,1,14,0.043,0.043,0.043,0.0,0.996773,0.996773,4,4
6,2000,1,15,0.026,0.026,0.026,0.0,0.971821,0.971821,6,6
6,2000,1,16,0.026,0.026,0.026,0.0,0.934545,0.934545,4,4
6,2000,1,17,0.016,0.016,0.016,0.0,0.918964,0.918964,6,6
6,2000,1,18,0.016,0.016,0.016,0.0,0.907551,0.907551,4,4
6,2000,1,19,0.0093,0.0093,0.0093,0.0,0.904887,0.904887,6,6
6,2000,1,20,0.0093,0.0093,0.0093,0.0,0.889546,0.889546,4,4
6,2000,1,21,0.0056,0.0056,0.0056,0.0,0.890598,0.890598,6,6
6,2000,1,22,0.0056,0.0056,0.0056,0.0,0.883183,0.883183,4,4
6,2000,1,23,0.0056,0.0056,0.0056,0.0,0.882773,0.882773,4,4
6,2000,1,24,0.0056,0.0056,0.0056,0.0,0.881498,0.881498,4,4
6,2000,1,25,0.0056,0.0056,0.0056,0.0,0.880262,0.880262,4,4
6,2000,1,26,0.0056,0.0056,0.0056,0.0,0.879658,0.879658,4,4
6,2000,1,27,0.0056,0.0056,0.0056,0.0,0.878595,0.878595,4,4
6,2000,1,28,0.0056,0.0056,0.0056,0.0,0.878185,0.878185,4,4
6,2000,1,29,0.0056,0.0056,0.0056,0.0,0.877193,0.877193,4,4
6,2000,1,30,0.0056,0.0056,0.0056,0.0,0.877061,0.877061,4,4
7,2000,2,1,0.2,0.12,0.12,0.1,2.190226,2.190226,60,60
7,2000,2,3,0.072,0.072,0.072,0.2,1.555659,1.555659,26,26
7,2000,2,5,0.072,0.043,0.043,0.4,1.198398,1.198398,33,33
7,2000,2,7,0.072,0.026,0.026,0.5,0.971671,0.971671,34,34
7,2000,2,9,0.026,0.016,0.016,0.6,0.89941,0.89941,24,24
7,2000,2,11,0.026,0.016,0.016,0.6,0.882604,0.882604,16,16
7,2000,2,13,0.016,0.0093,0.0093,0.7,0.87522,0.87522,24,24
7,2000,2,15,0.0093,0.0056,0.0056,0.8,0.87193,0.87193,24,24
7,2000,2,17,0.0056,0.0056,0.0056,0.8,0.869983,0.869983,11,11
7,2000,2,19,0.0056,0.0056,0.0056,0.7,0.869097,0.869097,20,20
7,2000,2,21,0.0056,0.0034,0.0034,0.7,0.868443,0.868443,16,16
7,2000,2,23,0.0034,0.0034,0.0034,0.7,0.868009,0.868009,11,11
7,2000,2,25,0.0034,0.002,0.002,0.8,0.867678,0.867678,24,24
7,2000,2,27,0.002,0.002,0.002,0.8,0.867459,0.867459,11,11
7,2000,2,29,0.002,0.002,0.002,0.8,0.86731,0.86731,11,11
8,2000,3,1,0.2,0.12,0.12,0.1,1.9504,1.9504,65,65
8,2000,3,4,0.2,0.072,0.072,0.99,0.917417,0.917417,120,120
8,2000,3,7,0.072,0.0093,0.0093,0.99,0.87411,0.87411,26,26
8,2000,3,10,0.0056,0.002,0.002,0.99,0.870235,0.870235,24,24
8,2000,3,13,0.0093,0.0034,0.0034,0.9,0.867999,0.867999,45,45
8,2000,3,16,0.0056,0.002,0.002,0.9,0.86731,0.86731,18,18
8,2000,3,19,0.0034,0.002,0.002,0.9,0.867073,0.867073,16,16
8,2000,3,22,0.0012,0.0012,0.0012,0.9,0.866996,0.866996,18,18
8,2000,3,25,0.0012,0.0012,0.0012,0.9,0.866953,0.866953,11,11
8,2000,3,28,0.0012,0.00073,0.00073,0.9,0.86693,0.86693,16,16
9,2000,5,1,0.12,0.072,0.072,0.5,1.539313,1.539313,31,31
9,2000,5,6,0.072,0.026,0.026,0.6,0.909301,0.909301,29,29
9,2000,5,11,0.016,0.0093,0.0093,0.6,0.875227,0.875227,23,23
9,2000,5,16,0.0093,0.0034,0.0034,0.6,0.869392,0.869392,24,24
9,2000,5,21,0.0056,0.002,0.002,0.8,0.867788,0.867788,35,35
9,2000,5,26,0.002,0.002,0.002,0.8,0.867299,0.867299,11,11
10,2000,7,1,0.12,0.043,0.043,0.6,1.214506,1.214506,28,28
10,2000,7,8,0.043,0.0093,0.0093,0.5,0.883295,0.883295,37,37
10,2000,7,15,0.016,0.0034,0.0034,0.5,0.87047,0.87047,23,23
10,2000,7,22,0.0056,0.002,0.002,0.5,0.868199,0.868199,18,18
10,2000,7,29,0.0034,0.002,0.002,0.5,0.867852,0.867852,16,16
11,2000,9,1,0.12,0.043,0.043,0.6,0.996777,0.996777,28,28
11,2000,9,10,0.043,0.0056,0.0056,0.6,0.871441,0.871441,34,34
11,2000,9,19,0.0093,0.002,0.002,0.8,0.867352,0.867352,39,39
11,2000,9,28,0.002,0.002,0.002,0.7,0.867124,0.867124,20,20
12,10000,1,1,0.2,0.2,0.2,0.5,2.252221,2.252221,8,8
12,10000,1,2,0.2,0.2,0.2,0.5,2.235918,2.235918,5,5
12,10000,1,3,0.2,0.2,0.2,0.5,2.022038,2.022038,5,5
12,10000,1,4,0.12,0.12,0.12,0.5,1.846506,1.846506,8,8
12,10000,1,5,0.12,0.12,0.12,0.5,1.716635,1.716635,5,5
12,10000,1,6,0.072,0.072,0.072,0.5,1.619696,1.619696,8,8
12,10000,1,7,0.072,0.072,0.072,0.5,1.517329,1.517329,5,5
12,10000,1,8,0.072,0.072,0.072,0.5,1.45763,1.45763,5,5
12,10000,1,9,0.072,0.072,0.072,0.5,1.431544,1.431544,5,5
12,10000,1,10,0.072,0.072,0.072,0.5,1.368864,1.368864,5,5
12,10000,1,11,0.072,0.072,0.072,0.5,1.315986,1.315986,5,5
12,10000,1,12,0.072,0.072,0.072,0.5,1.278125,1.278125,5,5
12,10000,1,13,0.072,0.072,0.072,0.5,1.23699,1.23699,5,5
12,10000,1,14,0.072,0.072,0.072,0.5,1.201898,1.201898,5,5
12,10000,1,15,0.072,0.072,0.072,0.5,1.182564,1.182564,5,5
12,10000,1,16,0.072,0.072,0.072,0.5,1.161929,1.161929,5,5
12,10000,1,17,0.072,0.072,0.072,0.5,1.08923,1.08923,5,5
12,10000,1,18,0.072,0.072,0.072,0.5,1.083532,1.083532,5,5
12,10000,1,19,0.072,0.072,0.072,0.5,1.039763,1.039763,5,5
12,10000,1,20,0.072,0.072,0.072,0.5,1.004383,1.004383,5,5
12,10000,1,21,0.043,0.043,0.043,0.5,0.975044,0.975044,8,8
12,10000,1,22,0.043,0.043,0.043,0.5,0.959932,0.959932,5,5
12,10000,1,23,0.043,0.043,0.043,0.5,0.916731,0.916731,5,5
12,10000,1,24,0.026,0.026,0.026,0.5,0.916346,0.916346,8,8
12,10000,1,25,0.026,0.026,0.026,0.5,0.897728,0.897728,5,5
12,10000,1,26,0.016,0.016,0.016,0.5,0.892389,0.892389,8,8
12,10000,1,27,0.0093,0.0093,0.0093,0.5,0.889938,0.889938,8,8
12,10000,1,28,0.0056,0.0056,0.0056,0.5,0.886176,0.886176,8,8
12,10000,1,29,0.0093,0.0093,0.0093,0.5,0.883666,0.883666,8,8
12,10000,1,30,0.0093,0.0093,0.0093,0.5,0.881606,0.881606,5,5
13,10000,2,1,0.2,0.12,0.12,0.1,2.232613,2.232613,59,59
13,10000,2,3,0.12,0.072,0.072,0.2,1.769985,1.769985,24,24
13,10000,2,5,0.072,0.043,0.043,0.3,1.538199,1.538199,24,24
13,10000,2,7,0.043,0.016,0.016,0.5,1.373263,1.373263,40,40
13,10000,2,9,0.072,0.026,0.026,0.5,1.23472,1.23472,28,28
13,10000,2,11,0.026,0.026,0.026,0.6,1.107484,1.107484,20,20
13,10000,2,13,0.026,0.016,0.016,0.7,1.023268,1.023268,24,24
13,10000,2,15,0.026,0.016,0.016,0.7,0.962128,0.962128,16,16
13,10000,2,17,0.016,0.016,0.016,0.7,0.928327,0.928327,11,11
13,10000,2,19,0.016,0.0093,0.0093,0.8,0.906721,0.906721,24,24
13,10000,2,21,0.0093,0.0093,0.0093,0.8,0.895296,0.895296,11,11
13,10000,2,23,0.0093,0.0093,0.0093,0.8,0.88748,0.88748,11,11
13,10000,2,25,0.016,0.0093,0.0093,0.8,0.884303,0.884303,16,16
13,10000,2,27,0.0093,0.0056,0.0056,0.7,0.880199,0.880199,24,24
13,10000,2,29,0.0056,0.0056,0.0056,0.7,0.877518,0.877518,11,11
14,10000,3,1,0.2,0.2,0.2,0.2,2.020722,2.020722,47,47
14,10000,3,4,0.2,0.2,0.2,0.99,1.199317,1.199317,121,121
14,10000,3,7,0.33,0.072,0.072,0.95,0.916828,0.916828,30,30
14,10000,3,10,0.072,0.026,0.026,0.95,0.878787,0.878787,21,21
14,10000,3,13,0.026,0.0093,0.0093,0.95,0.870722,0.870722,21,21
14,10000,3,16,0.016,0.0056,0.0056,0.95,0.869045,0.869045,18,18
14,10000,3,19,0.016,0.0034,0.0034,0.95,0.8682,0.8682,23,23
14,10000,3,22,0.0056,0.0056,0.0056,0.95,0.867699,0.867699,18,18
14,10000,3,25,0.0034,0.0012,0.0012,0.95,0.867404,0.867404,28,28
14,10000,3,28,0.002,0.0034,0.0034,0.9,0.867296,0.867296,33,33
15,10000,5,1,0.2,0.12,0.12,0.6,1.753321,1.753321,16,16
15,10000,5,6,0.33,0.026,0.026,0.95,0.960063,0.960063,75,75
15,10000,5,11,0.026,0.0093,0.0093,0.95,0.883016,0.883016,21,21
