run,batch_size,N,step,total_steps,loss,head_lr,muon_lr,muon_momentum,muon_nesterov
0,500,1,0,30,2.3133,1340.0,0.2,0.6,False
0,500,1,1,30,2.3254,1340.0,0.12,0.0,False
0,500,1,2,30,2.6292,1340.0,0.12,0.0,False
0,500,1,3,30,2.0719,1340.0,0.072,0.0,False
0,500,1,4,30,1.7267,1340.0,0.072,0.1,False
0,500,1,5,30,1.422,1340.0,0.072,0.1,False
0,500,1,6,30,1.207,1340.0,0.043,0.1,False
0,500,1,7,30,1.0599,1340.0,0.043,0.1,False
0,500,1,8,30,0.9855,1340.0,0.026,0.1,False
0,500,1,9,30,0.9335,1340.0,0.016,0.1,False
0,500,1,10,30,0.9087,1340.0,0.0093,0.1,False
0,500,1,11,30,0.8946,1340.0,0.0093,0.1,False
0,500,1,12,30,0.89,1340.0,0.0034,0.1,False
0,500,1,13,30,0.884,1340.0,0.0034,0.1,False
0,500,1,14,30,0.8811,1340.0,0.0034,0.1,False
0,500,1,15,30,0.8792,1340.0,0.0034,0.1,False
0,500,1,16,30,0.8783,1340.0,0.0034,0.1,False
0,500,1,17,30,0.8771,1340.0,0.0034,0.1,False
0,500,1,18,30,0.8755,1340.0,0.0034,0.1,False
0,500,1,19,30,0.8752,1340.0,0.0034,0.1,False
0,500,1,20,30,0.874,1340.0,0.0034,0.1,False
0,500,1,21,30,0.874,1340.0,0.0034,0.1,False
0,500,1,22,30,0.8729,1340.0,0.0034,0.1,False
0,500,1,23,30,0.8731,1340.0,0.0034,0.1,False
0,500,1,24,30,0.8721,1340.0,0.0034,0.1,False
0,500,1,25,30,0.8723,1340.0,0.0034,0.1,False
0,500,1,26,30,0.8715,1340.0,0.002,0.1,False
0,500,1,27,30,0.8701,1340.0,0.002,0.1,False
0,500,1,28,30,0.8702,1340.0,0.00044,0.1,False
0,500,1,29,30,0.8698,1340.0,0.00044,0.1,False
0,500,1,30,30,0.8696,1340.0,0.00073,0.1,False
1,500,2,0,30,2.3133,1340.0,0.2,0.6,False
1,500,2,1,30,2.3989,1340.0,0.56,0.0,False
1,500,2,2,30,2.5105,1340.0,0.2,0.0,False
1,500,2,3,30,1.9091,1340.0,0.2,0.2,False
1,500,2,4,30,1.7146,1340.0,0.072,0.2,False
1,500,2,5,30,1.352,1340.0,0.072,0.3,False
1,500,2,6,30,1.1246,1340.0,0.072,0.3,False
1,500,2,7,30,0.9928,1340.0,0.072,0.4,False
1,500,2,8,30,0.938,1340.0,0.043,0.4,False
1,500,2,9,30,0.9121,1340.0,0.026,0.3,False
1,500,2,10,30,0.8937,1340.0,0.016,0.3,False
1,500,2,11,30,0.8819,1340.0,0.016,0.4,False
1,500,2,12,30,0.8775,1340.0,0.0093,0.4,False
1,500,2,13,30,0.8762,1340.0,0.0093,0.5,False
1,500,2,14,30,0.8731,1340.0,0.0056,0.5,False
1,500,2,15,30,0.8713,1340.0,0.0056,0.6,False
1,500,2,16,30,0.8707,1340.0,0.002,0.6,False
1,500,2,17,30,0.8704,1340.0,0.0056,0.6,False
1,500,2,18,30,0.8695,1340.0,0.0034,0.6,False
1,500,2,19,30,0.8687,1340.0,0.0056,0.8,False
1,500,2,20,30,0.8684,1340.0,0.0034,0.8,False
1,500,2,21,30,0.869,1340.0,0.0056,0.8,False
1,500,2,22,30,0.8678,1340.0,0.0034,0.8,False
1,500,2,23,30,0.8676,1340.0,0.002,0.8,False
1,500,2,24,30,0.8675,1340.0,0.00073,0.8,False
1,500,2,25,30,0.8677,1340.0,0.0034,0.8,False
1,500,2,26,30,0.8673,1340.0,0.0012,0.8,False
1,500,2,27,30,0.8677,1340.0,0.0034,0.8,False
1,500,2,28,30,0.8672,1340.0,0.002,0.8,False
1,500,2,29,30,0.8672,1340.0,0.002,0.7,False
1,500,2,30,30,0.8672,1340.0,0.00044,0.7,False
2,500,3,0,30,2.3133,1340.0,0.2,0.6,False
2,500,3,1,30,2.3316,1340.0,0.2,0.1,False
2,500,3,2,30,2.5571,1340.0,0.16,0.1,False
2,500,3,3,30,2.1044,1340.0,0.12,0.1,False
2,500,3,4,30,1.6905,1340.0,0.2,0.4,False
2,500,3,5,30,1.1828,1340.0,0.14,0.4,False
2,500,3,6,30,0.9961,1340.0,0.072,0.4,False
2,500,3,7,30,0.9154,1340.0,0.043,0.3,False
2,500,3,8,30,0.9016,1340.0,0.029,0.3,False
2,500,3,9,30,0.8828,1340.0,0.016,0.3,False
2,500,3,10,30,0.8746,1340.0,0.016,0.8,False
2,500,3,11,30,0.8714,1340.0,0.013,0.8,False
2,500,3,12,30,0.87,1340.0,0.0093,0.8,False
2,500,3,13,30,0.8687,1340.0,0.0093,0.8,False
2,500,3,14,30,0.868,1340.0,0.0056,0.8,False
2,500,3,15,30,0.8679,1340.0,0.002,0.8,False
2,500,3,16,30,0.8675,1340.0,0.0034,0.8,False
2,500,3,17,30,0.8673,1340.0,0.0019,0.8,False
2,500,3,18,30,0.8673,1340.0,0.00044,0.8,False
2,500,3,19,30,0.8672,1340.0,0.002,0.8,False
2,500,3,20,30,0.8671,1340.0,0.002,0.8,False
2,500,3,21,30,0.8671,1340.0,0.002,0.8,False
2,500,3,22,30,0.8671,1340.0,0.0012,0.8,False
2,500,3,23,30,0.867,1340.0,0.0012,0.8,False
2,500,3,24,30,0.867,1340.0,0.0012,0.8,False
2,500,3,25,30,0.867,1340.0,0.00073,0.8,False
2,500,3,26,30,0.867,1340.0,0.00073,0.8,False
2,500,3,27,30,0.867,1340.0,0.00073,0.8,False
2,500,3,28,30,0.867,1340.0,0.00073,0.8,False
2,500,3,29,30,0.8669,1340.0,0.00073,0.8,False
2,500,3,30,30,0.8669,1340.0,0.00073,0.8,False
3,500,5,0,30,2.3133,1340.0,0.2,0.6,False
3,500,5,1,30,2.3254,1340.0,0.12,0.1,False
3,500,5,2,30,2.6209,1340.0,0.11,0.1,False
3,500,5,3,30,2.1367,1340.0,0.096,0.1,False
3,500,5,4,30,1.7696,1340.0,0.084,0.1,False
3,500,5,5,30,1.4302,1340.0,0.072,0.1,False
3,500,5,6,30,1.2405,1340.0,0.072,0.2,False
3,500,5,7,30,1.0486,1340.0,0.056,0.2,False
3,500,5,8,30,0.9396,1340.0,0.041,0.2,False
3,500,5,9,30,0.9018,1340.0,0.025,0.2,False
3,500,5,10,30,0.8902,1340.0,0.0093,0.2,False
3,500,5,11,30,0.8841,1340.0,0.0093,0.7,False
3,500,5,12,30,0.8757,1340.0,0.0084,0.7,False
3,500,5,13,30,0.8737,1340.0,0.0075,0.7,False
3,500,5,14,30,0.8717,1340.0,0.0065,0.7,False
3,500,5,15,30,0.8701,1340.0,0.0056,0.7,False
3,500,5,16,30,0.8693,1340.0,0.0056,0.9,False
3,500,5,17,30,0.8682,1340.0,0.0047,0.9,False
3,500,5,18,30,0.8681,1340.0,0.0038,0.9,False
3,500,5,19,30,0.8677,1340.0,0.0029,0.9,False
3,500,5,20,30,0.8675,1340.0,0.002,0.9,False
3,500,5,21,30,0.8675,1340.0,0.0034,0.8,False
3,500,5,22,30,0.8673,1340.0,0.0029,0.8,False
3,500,5,23,30,0.8672,1340.0,0.0023,0.8,False
3,500,5,24,30,0.8671,1340.0,0.0018,0.8,False
3,500,5,25,30,0.867,1340.0,0.0012,0.8,False
3,500,5,26,30,0.8671,1340.0,0.0012,0.8,False
3,500,5,27,30,0.867,1340.0,0.001,0.8,False
3,500,5,28,30,0.867,1340.0,0.00082,0.8,False
3,500,5,29,30,0.867,1340.0,0.00063,0.8,False
3,500,5,30,30,0.8669,1340.0,0.00044,0.8,False
4,500,7,0,30,2.3133,1340.0,0.2,0.6,False
4,500,7,1,30,2.3254,1340.0,0.12,0.5,False
4,500,7,2,30,2.6168,1340.0,0.11,0.5,False
4,500,7,3,30,2.137,1340.0,0.1,0.5,False
4,500,7,4,30,1.8014,1340.0,0.096,0.5,False
4,500,7,5,30,1.4662,1340.0,0.088,0.5,False
4,500,7,6,30,1.2086,1340.0,0.08,0.5,False
4,500,7,7,30,1.0544,1340.0,0.072,0.5,False
4,500,7,8,30,0.973,1340.0,0.043,0.5,False
4,500,7,9,30,0.9219,1340.0,0.037,0.5,False
4,500,7,10,30,0.8962,1340.0,0.031,0.5,False
4,500,7,11,30,0.8879,1340.0,0.024,0.5,False
4,500,7,12,30,0.8782,1340.0,0.018,0.5,False
4,500,7,13,30,0.8742,1340.0,0.012,0.5,False
4,500,7,14,30,0.8716,1340.0,0.0056,0.5,False
4,500,7,15,30,0.8717,1340.0,0.0093,0.5,False
4,500,7,16,30,0.8705,1340.0,0.0079,0.5,False
4,500,7,17,30,0.8693,1340.0,0.0066,0.5,False
4,500,7,18,30,0.8685,1340.0,0.0052,0.5,False
4,500,7,19,30,0.8681,1340.0,0.0039,0.5,False
4,500,7,20,30,0.8677,1340.0,0.0026,0.5,False
4,500,7,21,30,0.8676,1340.0,0.0012,0.5,False
4,500,7,22,30,0.8692,1340.0,0.0093,0.5,False
4,500,7,23,30,0.8689,1340.0,0.0079,0.5,False
4,500,7,24,30,0.8685,1340.0,0.0066,0.5,False
4,500,7,25,30,0.8675,1340.0,0.0052,0.5,False
4,500,7,26,30,0.8676,1340.0,0.0039,0.5,False
4,500,7,27,30,0.8671,1340.0,0.0026,0.5,False
4,500,7,28,30,0.8671,1340.0,0.0012,0.5,False
4,500,7,29,30,0.8671,1340.0,0.002,0.5,False
4,500,7,30,30,0.867,1340.0,0.0012,0.5,False
5,500,9,0,30,2.3133,1340.0,0.2,0.6,False
5,500,9,1,30,2.3254,1340.0,0.12,0.5,False
5,500,9,2,30,2.6168,1340.0,0.11,0.5,False
5,500,9,3,30,2.1369,1340.0,0.097,0.5,False
5,500,9,4,30,1.8022,1340.0,0.085,0.5,False
5,500,9,5,30,1.4726,1340.0,0.073,0.5,False
5,500,9,6,30,1.2065,1340.0,0.061,0.5,False
5,500,9,7,30,1.0521,1340.0,0.049,0.5,False
5,500,9,8,30,0.9611,1340.0,0.038,0.5,False
5,500,9,9,30,0.9223,1340.0,0.026,0.5,False
5,500,9,10,30,0.9068,1340.0,0.016,0.5,False
5,500,9,11,30,0.8942,1340.0,0.014,0.5,False
5,500,9,12,30,0.8837,1340.0,0.013,0.5,False
5,500,9,13,30,0.8791,1340.0,0.011,0.5,False
5,500,9,14,30,0.8743,1340.0,0.0097,0.5,False
5,500,9,15,30,0.8728,1340.0,0.0081,0.5,False
5,500,9,16,30,0.8709,1340.0,0.0066,0.5,False
5,500,9,17,30,0.8698,1340.0,0.005,0.5,False
5,500,9,18,30,0.8689,1340.0,0.0034,0.5,False
5,500,9,19,30,0.8688,1340.0,0.0034,0.8,False
5,500,9,20,30,0.8682,1340.0,0.0032,0.8,False
5,500,9,21,30,0.8679,1340.0,0.003,0.8,False
5,500,9,22,30,0.8676,1340.0,0.0029,0.8,False
5,500,9,23,30,0.8675,1340.0,0.0027,0.8,False
5,500,9,24,30,0.8673,1340.0,0.0025,0.8,False
5,500,9,25,30,0.8673,1340.0,0.0024,0.8,False
5,500,9,26,30,0.8672,1340.0,0.0022,0.8,False
5,500,9,27,30,0.8671,1340.0,0.002,0.8,False
5,500,9,28,30,0.8671,1340.0,0.002,0.8,False
5,500,9,29,30,0.867,1340.0,0.0012,0.8,False
5,500,9,30,30,0.867,1340.0,0.00044,0.8,False
6,2000,1,0,30,2.3135,1072.0,0.2,0.6,False
6,2000,1,1,30,2.2201,1072.0,0.12,0.0,False
6,2000,1,2,30,2.2128,1072.0,0.12,0.0,False
6,2000,1,3,30,1.9626,1072.0,0.12,0.0,False
6,2000,1,4,30,1.7662,1072.0,0.072,0.0,False
6,2000,1,5,30,1.5687,1072.0,0.072,0.0,False
6,2000,1,6,30,1.4021,1072.0,0.043,0.0,False
6,2000,1,7,30,1.2595,1072.0,0.043,0.0,False
6,2000,1,8,30,1.1854,1072.0,0.043,0.0,False
6,2000,1,9,30,1.148,1072.0,0.043,0.0,False
6,2000,1,10,30,1.0836,1072.0,0.043,0.0,False
6,2000,1,11,30,1.0764,1072.0,0.043,0.0,False
6,2000,1,12,30,1.0157,1072.0,0.043,0.0,False
6,2000,1,13,30,1.0191,1072.0,0.043,0.0,False
6,2000,1,14,30,0.9968,1072.0,0.043,0.0,False
6,2000,1,15,30,0.9718,1072.0,0.026,0.0,False
6,2000,1,16,30,0.9345,1072.0,0.026,0.0,False
6,2000,1,17,30,0.919,1072.0,0.016,0.0,False
6,2000,1,18,30,0.9076,1072.0,0.016,0.0,False
6,2000,1,19,30,0.9049,1072.0,0.0093,0.0,False
6,2000,1,20,30,0.8895,1072.0,0.0093,0.0,False
6,2000,1,21,30,0.8906,1072.0,0.0056,0.0,False
6,2000,1,22,30,0.8832,1072.0,0.0056,0.0,False
6,2000,1,23,30,0.8828,1072.0,0.0056,0.0,False
6,2000,1,24,30,0.8815,1072.0,0.0056,0.0,False
6,2000,1,25,30,0.8803,1072.0,0.0056,0.0,False
6,2000,1,26,30,0.8797,1072.0,0.0056,0.0,False
6,2000,1,27,30,0.8786,1072.0,0.0056,0.0,False
6,2000,1,28,30,0.8782,1072.0,0.0056,0.0,False
6,2000,1,29,30,0.8772,1072.0,0.0056,0.0,False
6,2000,1,30,30,0.8771,1072.0,0.0056,0.0,False
7,2000,2,0,30,2.3135,1072.0,0.2,0.6,False
7,2000,2,1,30,2.228,1072.0,0.2,0.1,False
7,2000,2,2,30,2.1902,1072.0,0.12,0.1,False
7,2000,2,3,30,1.8114,1072.0,0.072,0.2,False
7,2000,2,4,30,1.5557,1072.0,0.072,0.2,False
7,2000,2,5,30,1.3936,1072.0,0.072,0.4,False
7,2000,2,6,30,1.1984,1072.0,0.043,0.4,False
7,2000,2,7,30,1.0563,1072.0,0.072,0.5,False
7,2000,2,8,30,0.9717,1072.0,0.026,0.5,False
7,2000,2,9,30,0.9171,1072.0,0.026,0.6,False
7,2000,2,10,30,0.8994,1072.0,0.016,0.6,False
7,2000,2,11,30,0.9046,1072.0,0.026,0.6,False
7,2000,2,12,30,0.8826,1072.0,0.016,0.6,False
7,2000,2,13,30,0.8882,1072.0,0.016,0.7,False
7,2000,2,14,30,0.8752,1072.0,0.0093,0.7,False
7,2000,2,15,30,0.873,1072.0,0.0093,0.8,False
7,2000,2,16,30,0.8719,1072.0,0.0056,0.8,False
7,2000,2,17,30,0.8713,1072.0,0.0056,0.8,False
7,2000,2,18,30,0.87,1072.0,0.0056,0.8,False
7,2000,2,19,30,0.8701,1072.0,0.0056,0.7,False
7,2000,2,20,30,0.8691,1072.0,0.0056,0.7,False
7,2000,2,21,30,0.8703,1072.0,0.0056,0.7,False
7,2000,2,22,30,0.8684,1072.0,0.0034,0.7,False
7,2000,2,23,30,0.869,1072.0,0.0034,0.7,False
7,2000,2,24,30,0.868,1072.0,0.0034,0.7,False
7,2000,2,25,30,0.8679,1072.0,0.0034,0.8,False
7,2000,2,26,30,0.8677,1072.0,0.002,0.8,False
7,2000,2,27,30,0.8677,1072.0,0.002,0.8,False
7,2000,2,28,30,0.8675,1072.0,0.002,0.8,False
7,2000,2,29,30,0.8675,1072.0,0.002,0.8,False
7,2000,2,30,30,0.8673,1072.0,0.002,0.8,False
8,2000,3,0,30,2.3135,1072.0,0.2,0.6,False
8,2000,3,1,30,2.228,1072.0,0.2,0.1,False
8,2000,3,2,30,2.1955,1072.0,0.16,0.1,False
8,2000,3,3,30,1.9504,1072.0,0.12,0.1,False
8,2000,3,4,30,1.3094,1072.0,0.2,0.99,False
8,2000,3,5,30,0.9608,1072.0,0.14,0.99,False
8,2000,3,6,30,0.9174,1072.0,0.072,0.99,False
8,2000,3,7,30,0.8795,1072.0,0.072,0.99,False
8,2000,3,8,30,0.8752,1072.0,0.041,0.99,False
8,2000,3,9,30,0.8741,1072.0,0.0093,0.99,False
8,2000,3,10,30,0.8711,1072.0,0.0056,0.99,False
8,2000,3,11,30,0.8704,1072.0,0.0038,0.99,False
8,2000,3,12,30,0.8702,1072.0,0.002,0.99,False
8,2000,3,13,30,0.869,1072.0,0.0093,0.9,False
8,2000,3,14,30,0.8682,1072.0,0.0063,0.9,False
8,2000,3,15,30,0.868,1072.0,0.0034,0.9,False
8,2000,3,16,30,0.8678,1072.0,0.0056,0.9,False
8,2000,3,17,30,0.8675,1072.0,0.0038,0.9,False
8,2000,3,18,30,0.8673,1072.0,0.002,0.9,False
8,2000,3,19,30,0.8672,1072.0,0.0034,0.9,False
8,2000,3,20,30,0.8671,1072.0,0.0027,0.9,False
8,2000,3,21,30,0.8671,1072.0,0.002,0.9,False
8,2000,3,22,30,0.867,1072.0,0.0012,0.9,False
8,2000,3,23,30,0.867,1072.0,0.0012,0.9,False
8,2000,3,24,30,0.867,1072.0,0.0012,0.9,False
8,2000,3,25,30,0.867,1072.0,0.0012,0.9,False
8,2000,3,26,30,0.867,1072.0,0.0012,0.9,False
8,2000,3,27,30,0.867,1072.0,0.0012,0.9,False
8,2000,3,28,30,0.867,1072.0,0.0012,0.9,False
8,2000,3,29,30,0.8669,1072.0,0.00096,0.9,False
8,2000,3,30,30,0.8669,1072.0,0.00073,0.9,False
9,2000,5,0,30,2.3135,1072.0,0.2,0.6,False
9,2000,5,1,30,2.2201,1072.0,0.12,0.5,False
9,2000,5,2,30,2.2043,1072.0,0.11,0.5,False
9,2000,5,3,30,1.9563,1072.0,0.096,0.5,False
9,2000,5,4,30,1.7502,1072.0,0.084,0.5,False
9,2000,5,5,30,1.5393,1072.0,0.072,0.5,False
9,2000,5,6,30,1.402,1072.0,0.072,0.6,False
9,2000,5,7,30,1.1778,1072.0,0.06,0.6,False
9,2000,5,8,30,1.0253,1072.0,0.049,0.6,False
9,2000,5,9,30,0.9349,1072.0,0.037,0.6,False
9,2000,5,10,30,0.9093,1072.0,0.026,0.6,False
9,2000,5,11,30,0.9021,1072.0,0.016,0.6,False
9,2000,5,12,30,0.887,1072.0,0.014,0.6,False
9,2000,5,13,30,0.883,1072.0,0.013,0.6,False
9,2000,5,14,30,0.8781,1072.0,0.011,0.6,False
9,2000,5,15,30,0.8752,1072.0,0.0093,0.6,False
9,2000,5,16,30,0.8749,1072.0,0.0093,0.6,False
9,2000,5,17,30,0.8724,1072.0,0.0078,0.6,False
9,2000,5,18,30,0.8712,1072.0,0.0063,0.6,False
9,2000,5,19,30,0.8701,1072.0,0.0049,0.6,False
9,2000,5,20,30,0.8694,1072.0,0.0034,0.6,False
9,2000,5,21,30,0.87,1072.0,0.0056,0.8,False
9,2000,5,22,30,0.8686,1072.0,0.0047,0.8,False
9,2000,5,23,30,0.8684,1072.0,0.0038,0.8,False
9,2000,5,24,30,0.8681,1072.0,0.0029,0.8,False
9,2000,5,25,30,0.8678,1072.0,0.002,0.8,False
9,2000,5,26,30,0.8677,1072.0,0.002,0.8,False
9,2000,5,27,30,0.8676,1072.0,0.002,0.8,False
9,2000,5,28,30,0.8675,1072.0,0.002,0.8,False
9,2000,5,29,30,0.8674,1072.0,0.002,0.8,False
9,2000,5,30,30,0.8673,1072.0,0.002,0.8,False
10,2000,7,0,30,2.3135,1072.0,0.2,0.6,False
10,2000,7,1,30,2.2201,1072.0,0.12,0.6,False
10,2000,7,2,30,2.2051,1072.0,0.11,0.6,False
10,2000,7,3,30,1.9598,1072.0,0.094,0.6,False
10,2000,7,4,30,1.7589,1072.0,0.081,0.6,False
10,2000,7,5,30,1.5432,1072.0,0.069,0.6,False
10,2000,7,6,30,1.3574,1072.0,0.056,0.6,False
10,2000,7,7,30,1.2145,1072.0,0.043,0.6,False
10,2000,7,8,30,1.176,1072.0,0.043,0.5,False
10,2000,7,9,30,1.0474,1072.0,0.037,0.5,False
10,2000,7,10,30,0.9698,1072.0,0.032,0.5,False
10,2000,7,11,30,0.9129,1072.0,0.026,0.5,False
10,2000,7,12,30,0.8976,1072.0,0.021,0.5,False
10,2000,7,13,30,0.8899,1072.0,0.015,0.5,False
10,2000,7,14,30,0.8833,1072.0,0.0093,0.5,False
10,2000,7,15,30,0.891,1072.0,0.016,0.5,False
10,2000,7,16,30,0.8834,1072.0,0.014,0.5,False
10,2000,7,17,30,0.8807,1072.0,0.012,0.5,False
10,2000,7,18,30,0.8751,1072.0,0.0097,0.5,False
10,2000,7,19,30,0.8729,1072.0,0.0076,0.5,False
10,2000,7,20,30,0.8716,1072.0,0.0055,0.5,False
10,2000,7,21,30,0.8705,1072.0,0.0034,0.5,False
10,2000,7,22,30,0.8717,1072.0,0.0056,0.5,False
10,2000,7,23,30,0.8703,1072.0,0.005,0.5,False
10,2000,7,24,30,0.8694,1072.0,0.0044,0.5,False
10,2000,7,25,30,0.869,1072.0,0.0038,0.5,False
10,2000,7,26,30,0.8687,1072.0,0.0032,0.5,False
10,2000,7,27,30,0.8685,1072.0,0.0026,0.5,False
10,2000,7,28,30,0.8682,1072.0,0.002,0.5,False
10,2000,7,29,30,0.8686,1072.0,0.0034,0.5,False
10,2000,7,30,30,0.8679,1072.0,0.002,0.5,False
11,2000,9,0,30,2.3135,1072.0,0.2,0.6,False
11,2000,9,1,30,2.2201,1072.0,0.12,0.6,False
11,2000,9,2,30,2.2051,1072.0,0.11,0.6,False
11,2000,9,3,30,1.9593,1072.0,0.1,0.6,False
11,2000,9,4,30,1.758,1072.0,0.091,0.6,False
11,2000,9,5,30,1.5453,1072.0,0.081,0.6,False
11,2000,9,6,30,1.362,1072.0,0.072,0.6,False
11,2000,9,7,30,1.2206,1072.0,0.062,0.6,False
11,2000,9,8,30,1.0912,1072.0,0.053,0.6,False
11,2000,9,9,30,0.9968,1072.0,0.043,0.6,False
11,2000,9,10,30,0.9977,1072.0,0.043,0.6,False
11,2000,9,11,30,0.9338,1072.0,0.038,0.6,False
11,2000,9,12,30,0.9142,1072.0,0.034,0.6,False
11,2000,9,13,30,0.8959,1072.0,0.029,0.6,False
11,2000,9,14,30,0.8884,1072.0,0.024,0.6,False
11,2000,9,15,30,0.88,1072.0,0.02,0.6,False
11,2000,9,16,30,0.8762,1072.0,0.015,0.6,False
11,2000,9,17,30,0.873,1072.0,0.01,0.6,False
11,2000,9,18,30,0.8714,1072.0,0.0056,0.6,False
11,2000,9,19,30,0.8718,1072.0,0.0093,0.8,False
11,2000,9,20,30,0.8704,1072.0,0.0084,0.8,False
11,2000,9,21,30,0.8696,1072.0,0.0075,0.8,False
11,2000,9,22,30,0.8686,1072.0,0.0066,0.8,False
11,2000,9,23,30,0.8681,1072.0,0.0056,0.8,False
11,2000,9,24,30,0.8679,1072.0,0.0047,0.8,False
11,2000,9,25,30,0.8676,1072.0,0.0038,0.8,False
11,2000,9,26,30,0.8674,1072.0,0.0029,0.8,False
11,2000,9,27,30,0.8674,1072.0,0.002,0.8,False
11,2000,9,28,30,0.8672,1072.0,0.002,0.7,False
11,2000,9,29,30,0.8673,1072.0,0.002,0.7,False
11,2000,9,30,30,0.8671,1072.0,0.002,0.7,False
12,10000,1,0,30,2.3141,1072.0,0.2,0.6,False
12,10000,1,1,30,2.2522,1072.0,0.2,0.5,False
12,10000,1,2,30,2.2359,1072.0,0.2,0.5,False
12,10000,1,3,30,2.022,1072.0,0.2,0.5,False
12,10000,1,4,30,1.8465,1072.0,0.12,0.5,False
12,10000,1,5,30,1.7166,1072.0,0.12,0.5,False
12,10000,1,6,30,1.6197,1072.0,0.072,0.5,False
12,10000,1,7,30,1.5173,1072.0,0.072,0.5,False
12,10000,1,8,30,1.4576,1072.0,0.072,0.5,False
12,10000,1,9,30,1.4315,1072.0,0.072,0.5,False
12,10000,1,10,30,1.3689,1072.0,0.072,0.5,False
12,10000,1,11,30,1.316,1072.0,0.072,0.5,False
12,10000,1,12,30,1.2781,1072.0,0.072,0.5,False
12,10000,1,13,30,1.237,1072.0,0.072,0.5,False
12,10000,1,14,30,1.2019,1072.0,0.072,0.5,False
12,10000,1,15,30,1.1826,1072.0,0.072,0.5,False
12,10000,1,16,30,1.1619,1072.0,0.072,0.5,False
12,10000,1,17,30,1.0892,1072.0,0.072,0.5,False
12,10000,1,18,30,1.0835,1072.0,0.072,0.5,False
12,10000,1,19,30,1.0398,1072.0,0.072,0.5,False
12,10000,1,20,30,1.0044,1072.0,0.072,0.5,False
12,10000,1,21,30,0.975,1072.0,0.043,0.5,False
12,10000,1,22,30,0.9599,1072.0,0.043,0.5,False
12,10000,1,23,30,0.9167,1072.0,0.043,0.5,False
12,10000,1,24,30,0.9163,1072.0,0.026,0.5,False
12,10000,1,25,30,0.8977,1072.0,0.026,0.5,False
12,10000,1,26,30,0.8924,1072.0,0.016,0.5,False
12,10000,1,27,30,0.8899,1072.0,0.0093,0.5,False
12,10000,1,28,30,0.8862,1072.0,0.0056,0.5,False
12,10000,1,29,30,0.8837,1072.0,0.0093,0.5,False
12,10000,1,30,30,0.8816,1072.0,0.0093,0.5,False
13,10000,2,0,30,2.3141,1072.0,0.2,0.6,False
13,10000,2,1,30,2.2522,1072.0,0.2,0.1,False
13,10000,2,2,30,2.2326,1072.0,0.12,0.1,False
13,10000,2,3,30,1.9275,1072.0,0.12,0.2,False
13,10000,2,4,30,1.77,1072.0,0.072,0.2,False
13,10000,2,5,30,1.6217,1072.0,0.072,0.3,False
13,10000,2,6,30,1.5382,1072.0,0.043,0.3,False
13,10000,2,7,30,1.4386,1072.0,0.043,0.5,False
13,10000,2,8,30,1.3733,1072.0,0.016,0.5,False
13,10000,2,9,30,1.3771,1072.0,0.072,0.5,False
13,10000,2,10,30,1.2347,1072.0,0.026,0.5,False
13,10000,2,11,30,1.1478,1072.0,0.026,0.6,False
13,10000,2,12,30,1.1075,1072.0,0.026,0.6,False
13,10000,2,13,30,1.0573,1072.0,0.026,0.7,False
13,10000,2,14,30,1.0233,1072.0,0.016,0.7,False
13,10000,2,15,30,1.0077,1072.0,0.026,0.7,False
13,10000,2,16,30,0.9621,1072.0,0.016,0.7,False
13,10000,2,17,30,0.9485,1072.0,0.016,0.7,False
13,10000,2,18,30,0.9283,1072.0,0.016,0.7,False
13,10000,2,19,30,0.9169,1072.0,0.016,0.8,False
13,10000,2,20,30,0.9067,1072.0,0.0093,0.8,False
13,10000,2,21,30,0.901,1072.0,0.0093,0.8,False
13,10000,2,22,30,0.8953,1072.0,0.0093,0.8,False
13,10000,2,23,30,0.8907,1072.0,0.0093,0.8,False
13,10000,2,24,30,0.8875,1072.0,0.0093,0.8,False
13,10000,2,25,30,0.9069,1072.0,0.016,0.8,False
13,10000,2,26,30,0.8843,1072.0,0.0093,0.8,False
13,10000,2,27,30,0.8842,1072.0,0.0093,0.7,False
13,10000,2,28,30,0.8802,1072.0,0.0056,0.7,False
13,10000,2,29,30,0.8795,1072.0,0.0056,0.7,False
13,10000,2,30,30,0.8775,1072.0,0.0056,0.7,False
14,10000,3,0,30,2.3141,1072.0,0.2,0.6,False
14,10000,3,1,30,2.2522,1072.0,0.2,0.2,False
14,10000,3,2,30,2.2338,1072.0,0.2,0.2,False
14,10000,3,3,30,2.0207,1072.0,0.2,0.2,False
14,10000,3,4,30,1.6452,1072.0,0.2,0.99,False
14,10000,3,5,30,1.3578,1072.0,0.2,0.99,False
14,10000,3,6,30,1.1993,1072.0,0.2,0.99,False
14,10000,3,7,30,1.0837,1072.0,0.33,0.95,False
14,10000,3,8,30,0.9473,1072.0,0.2,0.95,False
14,10000,3,9,30,0.9168,1072.0,0.072,0.95,False
14,10000,3,10,30,0.898,1072.0,0.072,0.95,False
14,10000,3,11,30,0.8857,1072.0,0.049,0.95,False
14,10000,3,12,30,0.8788,1072.0,0.026,0.95,False
14,10000,3,13,30,0.8744,1072.0,0.026,0.95,False
14,10000,3,14,30,0.8713,1072.0,0.018,0.95,False
14,10000,3,15,30,0.8707,1072.0,0.0093,0.95,False
14,10000,3,16,30,0.87,1072.0,0.016,0.95,False
14,10000,3,17,30,0.8693,1072.0,0.011,0.95,False
14,10000,3,18,30,0.869,1072.0,0.0056,0.95,False
14,10000,3,19,30,0.8691,1072.0,0.016,0.95,False
14,10000,3,20,30,0.8685,1072.0,0.0097,0.95,False
14,10000,3,21,30,0.8682,1072.0,0.0034,0.95,False
14,10000,3,22,30,0.8679,1072.0,0.0056,0.95,False
14,10000,3,23,30,0.8681,1072.0,0.0056,0.95,False
14,10000,3,24,30,0.8677,1072.0,0.0056,0.95,False
14,10000,3,25,30,0.8675,1072.0,0.0034,0.95,False
14,10000,3,26,30,0.8674,1072.0,0.0023,0.95,False
14,10000,3,27,30,0.8674,1072.0,0.0012,0.95,False
14,10000,3,28,30,0.8674,1072.0,0.002,0.9,False
14,10000,3,29,30,0.8673,1072.0,0.0027,0.9,False
14,10000,3,30,30,0.8673,1072.0,0.0034,0.9,False
15,10000,5,0,30,2.3141,1072.0,0.2,0.6,False
15,10000,5,1,30,2.2522,1072.0,0.2,0.6,False
15,10000,5,2,30,2.2361,1072.0,0.18,0.6,False
15,10000,5,3,30,2.0272,1072.0,0.16,0.6,False
15,10000,5,4,30,1.8755,1072.0,0.14,0.6,False
15,10000,5,5,30,1.7533,1072.0,0.12,0.6,False
15,10000,5,6,30,1.4759,1072.0,0.33,0.95,False
15,10000,5,7,30,1.22,1072.0,0.25,0.95,False
15,10000,5,8,30,1.0591,1072.0,0.18,0.95,False
15,10000,5,9,30,0.9729,1072.0,0.1,0.95,False
15,10000,5,10,30,0.9601,1072.0,0.026,0.95,False
15,10000,5,11,30,0.9238,1072.0,0.026,0.95,False
15,10000,5,12,30,0.9012,1072.0,0.022,0.95,False
15,10000,5,13,30,0.8899,1072.0,0.018,0.95,False
15,10000,5,14,30,0.8853,1072.0,0.013,0.95,False
15,10000,5,15,30,0.883,1072.0,0.0093,0.95,False
