round,candidate,step,lr_mult,loss,avg3
1,4,1,1.75,9.011397,9.011397
1,4,2,1.75,9.376301,9.193849
1,4,3,1.75,8.088994,8.825564
1,4,4,1.75,6.912143,8.125813
1,4,5,1.75,6.606214,7.20245
1,4,6,1.75,6.373852,6.630736
1,4,7,1.75,6.171095,6.38372
1,4,8,1.75,6.025126,6.190025
1,4,9,1.75,5.907204,6.034475
1,4,10,1.75,5.847484,5.926605
2,1,11,1.05,5.779325,5.779325
2,1,12,1.05,5.71454,5.746933
2,1,13,1.05,5.700194,5.731353
2,1,14,1.05,5.65477,5.689835
2,1,15,1.05,5.608716,5.65456
2,1,16,1.05,5.626793,5.630093
2,1,17,1.05,5.605576,5.613695
2,1,18,1.05,5.536834,5.589734
2,1,19,1.05,5.525029,5.555813
2,1,20,1.05,5.504625,5.522163
3,3,21,1.05,5.509753,5.509753
3,3,22,1.05,5.485579,5.497666
3,3,23,1.05,5.448153,5.481162
3,3,24,1.05,5.42279,5.452174
3,3,25,1.05,5.414653,5.428532
3,3,26,1.05,5.322504,5.386649
3,3,27,1.05,5.351855,5.363004
3,3,28,1.05,5.361971,5.345443
3,3,29,1.05,5.339741,5.351189
3,3,30,1.05,5.277966,5.326559
4,3,31,1.05,5.269058,5.269058
4,3,32,1.05,5.24117,5.255114
4,3,33,1.05,5.200284,5.236838
4,3,34,1.05,5.210245,5.217233
4,3,35,1.05,5.152885,5.187805
4,3,36,1.05,5.130987,5.164706
4,3,37,1.05,5.14371,5.142527
4,3,38,1.05,5.079025,5.117908
4,3,39,1.05,5.071833,5.098189
4,3,40,1.05,5.043957,5.064938
5,2,41,0.84,5.016795,5.016795
5,2,42,0.84,4.996582,5.006688
5,2,43,0.84,4.989475,5.000951
5,2,44,0.84,4.937263,4.97444
5,2,45,0.84,4.941441,4.95606
5,2,46,0.84,4.945092,4.941265
5,2,47,0.84,4.928182,4.938238
5,2,48,0.84,4.881784,4.918353
5,2,49,0.84,4.874462,4.894809
5,2,50,0.84,4.860576,4.872274
6,2,51,0.672,4.829562,4.829562
6,2,52,0.672,4.797019,4.81329
6,2,53,0.672,4.744484,4.790355
6,2,54,0.672,4.801075,4.780859
6,2,55,0.672,4.749059,4.764873
6,2,56,0.672,4.730807,4.760314
6,2,57,0.672,4.715241,4.731702
6,2,58,0.672,4.729028,4.725025
6,2,59,0.672,4.742028,4.728766
6,2,60,0.672,4.656075,4.709044
7,2,61,0.5376,4.656299,4.656299
7,2,62,0.5376,4.587206,4.621753
7,2,63,0.5376,4.623017,4.622174
7,2,64,0.5376,4.62987,4.613365
7,2,65,0.5376,4.617257,4.623382
7,2,66,0.5376,4.591166,4.612765
7,2,67,0.5376,4.549887,4.586103
7,2,68,0.5376,4.590937,4.57733
7,2,69,0.5376,4.545691,4.562171
7,2,70,0.5376,4.50919,4.548606
8,3,71,0.5376,4.53814,4.53814
8,3,72,0.5376,4.448453,4.493296
8,3,73,0.5376,4.505921,4.497505
8,3,74,0.5376,4.462036,4.472137
8,3,75,0.5376,4.483532,4.48383
8,3,76,0.5376,4.444659,4.463409
8,3,77,0.5376,4.427012,4.451734
8,3,78,0.5376,4.382811,4.41816
8,3,79,0.5376,4.381824,4.397216
8,3,80,0.5376,4.398553,4.387729
9,3,81,0.5376,4.385486,4.385486
9,3,82,0.5376,4.389654,4.38757
9,3,83,0.5376,4.328833,4.367991
9,3,84,0.5376,4.325635,4.348041
9,3,85,0.5376,4.32149,4.325319
9,3,86,0.5376,4.361417,4.336181
9,3,87,0.5376,4.287887,4.323598
9,3,88,0.5376,4.247583,4.298962
9,3,89,0.5376,4.293193,4.276221
9,3,90,0.5376,4.251107,4.263961
10,2,91,0.43008,4.244452,4.244452
10,2,92,0.43008,4.276201,4.260326
10,2,93,0.43008,4.223814,4.248155
10,2,94,0.43008,4.19288,4.230965
10,2,95,0.43008,4.199471,4.205388
10,2,96,0.43008,4.139796,4.177382
10,2,97,0.43008,4.170123,4.169796
10,2,98,0.43008,4.13047,4.146796
10,2,99,0.43008,4.088872,4.129822
10,2,100,0.43008,4.127444,4.115595
11,3,101,0.43008,4.189395,4.189395
11,3,102,0.43008,4.146387,4.167891
11,3,103,0.43008,4.108688,4.148157
11,3,104,0.43008,4.071993,4.109023
11,3,105,0.43008,4.100083,4.093588
11,3,106,0.43008,4.089634,4.087237
11,3,107,0.43008,4.076777,4.088831
11,3,108,0.43008,4.059988,4.075466
11,3,109,0.43008,4.006344,4.047703
11,3,110,0.43008,4.006274,4.024202
12,2,111,0.344064,4.021912,4.021912
12,2,112,0.344064,4.065155,4.043533
12,2,113,0.344064,4.045357,4.044141
12,2,114,0.344064,4.031594,4.047369
12,2,115,0.344064,3.986072,4.021008
12,2,116,0.344064,4.010377,4.009348
12,2,117,0.344064,4.018788,4.005079
12,2,118,0.344064,3.951907,3.993691
12,2,119,0.344064,3.975197,3.981964
12,2,120,0.344064,3.97491,3.967338
13,3,121,0.344064,4.011546,4.011546
13,3,122,0.344064,3.935959,3.973753
13,3,123,0.344064,3.949166,3.965557
13,3,124,0.344064,3.909134,3.93142
13,3,125,0.344064,3.92235,3.926883
13,3,126,0.344064,3.90749,3.912991
13,3,127,0.344064,3.881191,3.903677
13,3,128,0.344064,3.930751,3.906477
13,3,129,0.344064,3.93605,3.915997
13,3,130,0.344064,3.854994,3.907265
14,3,131,0.344064,3.878125,3.878125
14,3,132,0.344064,3.830664,3.854394
14,3,133,0.344064,3.902831,3.87054
14,3,134,0.344064,3.891824,3.875106
14,3,135,0.344064,3.825994,3.87355
14,3,136,0.344064,3.899028,3.872282
14,3,137,0.344064,3.827662,3.850895
14,3,138,0.344064,3.822799,3.84983
14,3,139,0.344064,3.785729,3.812063
14,3,140,0.344064,3.819432,3.80932
15,2,141,0.275251,3.77449,3.77449
15,2,142,0.275251,3.811788,3.793139
15,2,143,0.275251,3.817489,3.801255
15,2,144,0.275251,3.809937,3.813071
15,2,145,0.275251,3.798947,3.808791
15,2,146,0.275251,3.817828,3.808904
15,2,147,0.275251,3.811608,3.809461
15,2,148,0.275251,3.736922,3.788786
15,2,149,0.275251,3.824581,3.791037
15,2,150,0.275251,3.772043,3.777848
16,2,151,0.220201,3.768497,3.768497
16,2,152,0.220201,3.768115,3.768306
16,2,153,0.220201,3.744516,3.760376
16,2,154,0.220201,3.755684,3.756105
16,2,155,0.220201,3.754976,3.751725
16,2,156,0.220201,3.768751,3.759804
16,2,157,0.220201,3.753061,3.758929
16,2,158,0.220201,3.801912,3.774575
16,2,159,0.220201,3.760766,3.771913
16,2,160,0.220201,3.761631,3.774769
17,2,161,0.176161,3.686792,3.686792
17,2,162,0.176161,3.69424,3.690516
17,2,163,0.176161,3.665771,3.682268
17,2,164,0.176161,3.711543,3.690518
17,2,165,0.176161,3.663385,3.680233
17,2,166,0.176161,3.654987,3.676639
17,2,167,0.176161,3.664793,3.661055
17,2,168,0.176161,3.70337,3.674384
17,2,169,0.176161,3.769742,3.712635
17,2,170,0.176161,3.635556,3.702889
18,3,171,0.176161,3.680687,3.680687
18,3,172,0.176161,3.716271,3.698479
18,3,173,0.176161,3.65708,3.684679
18,3,174,0.176161,3.705426,3.692926
18,3,175,0.176161,3.624851,3.662452
18,3,176,0.176161,3.717344,3.68254
18,3,177,0.176161,3.701624,3.681273
18,3,178,0.176161,3.543769,3.654246
18,3,179,0.176161,3.697336,3.647577
18,3,180,0.176161,3.647697,3.629601
19,2,181,0.140929,3.630478,3.630478
19,2,182,0.140929,3.65627,3.643374
19,2,183,0.140929,3.631494,3.639414
19,2,184,0.140929,3.708906,3.665557
19,2,185,0.140929,3.602029,3.647476
19,2,186,0.140929,3.607757,3.639564
19,2,187,0.140929,3.675967,3.628584
19,2,188,0.140929,3.62744,3.637055
19,2,189,0.140929,3.577266,3.626891
19,2,190,0.140929,3.633464,3.612723
20,3,191,0.140929,3.529219,3.529219
20,3,192,0.140929,3.537707,3.533463
20,3,193,0.140929,3.612872,3.559933
20,3,194,0.140929,3.563931,3.571503
20,3,195,0.140929,3.634491,3.603765
20,3,196,0.140929,3.674588,3.624337
20,3,197,0.140929,3.653599,3.654226
20,3,198,0.140929,3.604984,3.64439
20,3,199,0.140929,3.643358,3.63398
20,3,200,0.140929,3.556944,3.601762
21,3,201,0.140929,3.584941,3.584941
21,3,202,0.140929,3.609742,3.597341
21,3,203,0.140929,3.54958,3.581421
21,3,204,0.140929,3.605294,3.588205
21,3,205,0.140929,3.547979,3.567618
21,3,206,0.140929,3.602559,3.585277
21,3,207,0.140929,3.587059,3.579199
21,3,208,0.140929,3.611893,3.600504
21,3,209,0.140929,3.588619,3.595857
21,3,210,0.140929,3.562657,3.587723
22,2,211,0.112743,3.531222,3.531222
22,2,212,0.112743,3.595636,3.563429
22,2,213,0.112743,3.566045,3.564301
22,2,214,0.112743,3.576079,3.579253
22,2,215,0.112743,3.591609,3.577911
22,2,216,0.112743,3.587719,3.585136
22,2,217,0.112743,3.570857,3.583395
22,2,218,0.112743,3.623212,3.593929
22,2,219,0.112743,3.565053,3.586374
22,2,220,0.112743,3.627254,3.605173
23,3,221,0.112743,3.624312,3.624312
23,3,222,0.112743,3.581745,3.603028
23,3,223,0.112743,3.588374,3.598144
23,3,224,0.112743,3.536075,3.568731
23,3,225,0.112743,3.589633,3.57136
23,3,226,0.112743,3.496361,3.540689
23,3,227,0.112743,3.608492,3.564828
23,3,228,0.112743,3.600255,3.568369
23,3,229,0.112743,3.534146,3.580964
23,3,230,0.112743,3.576805,3.570402
24,2,231,0.0901943,3.56959,3.56959
24,2,232,0.0901943,3.553072,3.561331
24,2,233,0.0901943,3.55115,3.557938
24,2,234,0.0901943,3.525537,3.543253
24,2,235,0.0901943,3.535305,3.537331
24,2,236,0.0901943,3.5208,3.527214
24,2,237,0.0901943,3.560893,3.538999
24,2,238,0.0901943,3.561056,3.547583
24,2,239,0.0901943,3.586178,3.569376
24,2,240,0.0901943,3.571476,3.572903
25,3,241,0.0901943,3.518933,3.518933
25,3,242,0.0901943,3.53494,3.526937
25,3,243,0.0901943,3.54609,3.533321
25,3,244,0.0901943,3.547473,3.542835
25,3,245,0.0901943,3.512317,3.535293
25,3,246,0.0901943,3.557668,3.539152
25,3,247,0.0901943,3.545896,3.538627
25,3,248,0.0901943,3.480597,3.528054
25,3,249,0.0901943,3.57098,3.532491
25,3,250,0.0901943,3.565024,3.538867
26,3,251,0.0901943,3.532647,3.532647
26,3,252,0.0901943,3.580312,3.556479
26,3,253,0.0901943,3.492196,3.535052
26,3,254,0.0901943,3.545247,3.539252
26,3,255,0.0901943,3.498746,3.512063
26,3,256,0.0901943,3.583796,3.542596
26,3,257,0.0901943,3.509041,3.530528
26,3,258,0.0901943,3.472371,3.521736
26,3,259,0.0901943,3.465973,3.482462
26,3,260,0.0901943,3.595269,3.511204
27,3,261,0.0901943,3.527751,3.527751
27,3,262,0.0901943,3.494728,3.51124
27,3,263,0.0901943,3.495152,3.505877
27,3,264,0.0901943,3.444813,3.478231
27,3,265,0.0901943,3.533372,3.491112
27,3,266,0.0901943,3.542367,3.506851
27,3,267,0.0901943,3.57532,3.550353
27,3,268,0.0901943,3.475221,3.53097
27,3,269,0.0901943,3.592502,3.547681
27,3,270,0.0901943,3.508627,3.52545
28,2,271,0.0721555,3.502595,3.502595
28,2,272,0.0721555,3.545488,3.524041
28,2,273,0.0721555,3.498109,3.515397
28,2,274,0.0721555,3.544916,3.529504
28,2,275,0.0721555,3.549026,3.530683
28,2,276,0.0721555,3.513826,3.535922
28,2,277,0.0721555,3.533786,3.532212
28,2,278,0.0721555,3.51342,3.520344
28,2,279,0.0721555,3.497086,3.514764
28,2,280,0.0721555,3.576571,3.529026
29,3,281,0.0721555,3.499225,3.499225
29,3,282,0.0721555,3.491176,3.4952
29,3,283,0.0721555,3.5034,3.497934
29,3,284,0.0721555,3.49927,3.497949
29,3,285,0.0721555,3.441968,3.481546
29,3,286,0.0721555,3.519604,3.486947
29,3,287,0.0721555,3.619411,3.526994
29,3,288,0.0721555,3.483572,3.540862
29,3,289,0.0721555,3.378792,3.493925
29,3,290,0.0721555,3.467922,3.443428
30,3,291,0.0721555,3.472029,3.472029
30,3,292,0.0721555,3.50125,3.486639
30,3,293,0.0721555,3.561206,3.511495
30,3,294,0.0721555,3.540772,3.534409
30,3,295,0.0721555,3.400106,3.500695
30,3,296,0.0721555,3.472711,3.471196
30,3,297,0.0721555,3.506326,3.459714
30,3,298,0.0721555,3.526112,3.501716
30,3,299,0.0721555,3.448006,3.493481
30,3,300,0.0721555,3.473426,3.482515
31,2,301,0.0577244,3.471111,3.471111
31,2,302,0.0577244,3.501241,3.486176
31,2,303,0.0577244,3.5144,3.495584
31,2,304,0.0577244,3.499339,3.504993
31,2,305,0.0577244,3.508546,3.507428
31,2,306,0.0577244,3.452792,3.486892
31,2,307,0.0577244,3.523853,3.495064
31,2,308,0.0577244,3.471329,3.482658
31,2,309,0.0577244,3.471412,3.488865
31,2,310,0.0577244,3.542234,3.494992
32,3,311,0.0577244,3.536541,3.536541
32,3,312,0.0577244,3.525484,3.531013
32,3,313,0.0577244,3.490731,3.517586
32,3,314,0.0577244,3.571774,3.52933
32,3,315,0.0577244,3.44084,3.501115
32,3,316,0.0577244,3.431223,3.481279
32,3,317,0.0577244,3.42992,3.433994
32,3,318,0.0577244,3.47467,3.445271
32,3,319,0.0577244,3.419219,3.44127
32,3,320,0.0577244,3.513777,3.469222
33,4,321,0.0692692,3.464296,3.464296
33,4,322,0.0692692,3.466848,3.465572
33,4,323,0.0692692,3.445501,3.458882
33,4,324,0.0692692,3.477219,3.463189
33,4,325,0.0692692,3.517162,3.479961
33,4,326,0.0692692,3.434603,3.476328
33,4,327,0.0692692,3.479239,3.477001
33,4,328,0.0692692,3.404407,3.439416
33,4,329,0.0692692,3.474982,3.452876
33,4,330,0.0692692,3.507237,3.462209
34,2,331,0.0554154,3.493375,3.493375
34,2,332,0.0554154,3.415324,3.454349
34,2,333,0.0554154,3.515717,3.474805
34,2,334,0.0554154,3.459677,3.463573
34,2,335,0.0554154,3.480486,3.485293
34,2,336,0.0554154,3.440769,3.460311
34,2,337,0.0554154,3.43204,3.451099
34,2,338,0.0554154,3.459969,3.44426
34,2,339,0.0554154,3.499627,3.463879
34,2,340,0.0554154,3.43033,3.463309
35,3,341,0.0554154,3.428031,3.428031
35,3,342,0.0554154,3.430713,3.429372
35,3,343,0.0554154,3.513767,3.457504
35,3,344,0.0554154,3.512417,3.485632
35,3,345,0.0554154,3.521017,3.515734
35,3,346,0.0554154,3.447308,3.493581
35,3,347,0.0554154,3.40954,3.459288
35,3,348,0.0554154,3.531646,3.462831
35,3,349,0.0554154,3.483881,3.475022
35,3,350,0.0554154,3.420347,3.478624
36,3,351,0.0554154,3.4525,3.4525
36,3,352,0.0554154,3.461093,3.456797
36,3,353,0.0554154,3.499848,3.471147
36,3,354,0.0554154,3.458336,3.473092
36,3,355,0.0554154,3.396592,3.451592
36,3,356,0.0554154,3.434977,3.429968
36,3,357,0.0554154,3.463856,3.431808
36,3,358,0.0554154,3.491589,3.463474
36,3,359,0.0554154,3.383594,3.446346
36,3,360,0.0554154,3.43693,3.437371
37,3,361,0.0554154,3.423503,3.423503
37,3,362,0.0554154,3.427594,3.425549
37,3,363,0.0554154,3.455837,3.435645
37,3,364,0.0554154,3.467798,3.45041
37,3,365,0.0554154,3.514438,3.479357
37,3,366,0.0554154,3.410619,3.464285
37,3,367,0.0554154,3.434025,3.453027
37,3,368,0.0554154,3.428361,3.424335
37,3,369,0.0554154,3.453654,3.43868
37,3,370,0.0554154,3.394563,3.425526
38,2,371,0.0443323,3.373692,3.373692
38,2,372,0.0443323,3.46396,3.418826
38,2,373,0.0443323,3.43924,3.425631
38,2,374,0.0443323,3.483962,3.462387
38,2,375,0.0443323,3.43696,3.453387
38,2,376,0.0443323,3.499565,3.473495
38,2,377,0.0443323,3.456881,3.464469
38,2,378,0.0443323,3.420308,3.458918
38,2,379,0.0443323,3.451096,3.442762
38,2,380,0.0443323,3.43397,3.435125
39,3,381,0.0443323,3.447422,3.447422
39,3,382,0.0443323,3.490479,3.46895
39,3,383,0.0443323,3.46762,3.468507
39,3,384,0.0443323,3.459326,3.472475
39,3,385,0.0443323,3.441352,3.456099
39,3,386,0.0443323,3.487932,3.46287
39,3,387,0.0443323,3.481438,3.470241
39,3,388,0.0443323,3.476851,3.482074
39,3,389,0.0443323,3.372205,3.443498
39,3,390,0.0443323,3.436005,3.428354
40,3,391,0.0443323,3.440671,3.440671
40,3,392,0.0443323,3.389493,3.415082
40,3,393,0.0443323,3.46191,3.430691
40,3,394,0.0443323,3.428173,3.426525
40,3,395,0.0443323,3.456656,3.448913
40,3,396,0.0443323,3.462822,3.449217
40,3,397,0.0443323,3.43052,3.449999
40,3,398,0.0443323,3.403891,3.432411
40,3,399,0.0443323,3.397382,3.410597
40,3,400,0.0443323,3.451048,3.41744
41,3,401,0.0443323,3.470688,3.470688
41,3,402,0.0443323,3.398857,3.434772
41,3,403,0.0443323,3.430344,3.433296
41,3,404,0.0443323,3.455205,3.428135
41,3,405,0.0443323,3.46619,3.45058
41,3,406,0.0443323,3.396669,3.439355
41,3,407,0.0443323,3.343524,3.402128
41,3,408,0.0443323,3.432991,3.391061
41,3,409,0.0443323,3.395663,3.390726
41,3,410,0.0443323,3.399004,3.409219
42,3,411,0.0443323,3.414009,3.414009
42,3,412,0.0443323,3.419319,3.416664
42,3,413,0.0443323,3.393836,3.409055
42,3,414,0.0443323,3.397036,3.403397
42,3,415,0.0443323,3.432023,3.407632
42,3,416,0.0443323,3.438659,3.422573
42,3,417,0.0443323,3.351775,3.407485
42,3,418,0.0443323,3.296526,3.36232
42,3,419,0.0443323,3.341325,3.329875
42,3,420,0.0443323,3.355232,3.331028
43,2,421,0.0354658,3.3875,3.3875
43,2,422,0.0354658,3.375726,3.381613
43,2,423,0.0354658,3.370125,3.377784
43,2,424,0.0354658,3.485758,3.410536
43,2,425,0.0354658,3.359179,3.40502
43,2,426,0.0354658,3.412982,3.419306
43,2,427,0.0354658,3.427045,3.399735
43,2,428,0.0354658,3.438363,3.42613
43,2,429,0.0354658,3.413763,3.42639
43,2,430,0.0354658,3.381683,3.411269
44,4,431,0.042559,3.383732,3.383732
44,4,432,0.042559,3.383659,3.383695
44,4,433,0.042559,3.451699,3.406363
44,4,434,0.042559,3.387108,3.407489
44,4,435,0.042559,3.464544,3.43445
44,4,436,0.042559,3.397586,3.416413
44,4,437,0.042559,3.459788,3.44064
44,4,438,0.042559,3.37792,3.411765
44,4,439,0.042559,3.365763,3.401157
44,4,440,0.042559,3.35818,3.367287
45,3,441,0.042559,3.437125,3.437125
45,3,442,0.042559,3.397963,3.417544
45,3,443,0.042559,3.414749,3.416612
45,3,444,0.042559,3.421191,3.411301
45,3,445,0.042559,3.380966,3.405635
45,3,446,0.042559,3.388777,3.396978
45,3,447,0.042559,3.431628,3.400457
45,3,448,0.042559,3.430947,3.417117
45,3,449,0.042559,3.467606,3.443394
45,3,450,0.042559,3.435073,3.444542
46,3,451,0.042559,3.390347,3.390347
46,3,452,0.042559,3.453672,3.42201
46,3,453,0.042559,3.364342,3.402787
46,3,454,0.042559,3.470274,3.429429
46,3,455,0.042559,3.349458,3.394691
46,3,456,0.042559,3.419387,3.413039
46,3,457,0.042559,3.482498,3.417114
46,3,458,0.042559,3.418388,3.440091
46,3,459,0.042559,3.361532,3.420806
46,3,460,0.042559,3.37099,3.383637
47,3,461,0.042559,3.464079,3.464079
47,3,462,0.042559,3.465134,3.464606
47,3,463,0.042559,3.418475,3.449229
47,3,464,0.042559,3.437901,3.440503
47,3,465,0.042559,3.45083,3.435735
47,3,466,0.042559,3.386156,3.424962
47,3,467,0.042559,3.453818,3.430268
47,3,468,0.042559,3.349268,3.396414
47,3,469,0.042559,3.359074,3.387387
47,3,470,0.042559,3.399832,3.369391
48,2,471,0.0340472,3.423101,3.423101
48,2,472,0.0340472,3.460912,3.442007
48,2,473,0.0340472,3.486685,3.456899
48,2,474,0.0340472,3.408176,3.451924
48,2,475,0.0340472,3.442734,3.445865
48,2,476,0.0340472,3.404912,3.418607
48,2,477,0.0340472,3.352058,3.399901
48,2,478,0.0340472,3.402222,3.386397
48,2,479,0.0340472,3.358387,3.370889
48,2,480,0.0340472,3.407667,3.389425
49,3,481,0.0340472,3.395393,3.395393
49,3,482,0.0340472,3.442062,3.418728
49,3,483,0.0340472,3.412906,3.416787
49,3,484,0.0340472,3.421746,3.425572
49,3,485,0.0340472,3.424262,3.419638
49,3,486,0.0340472,3.437725,3.427911
49,3,487,0.0340472,3.372936,3.411641
49,3,488,0.0340472,3.379961,3.396874
49,3,489,0.0340472,3.367877,3.373591
49,3,490,0.0340472,3.265765,3.337867
50,3,491,0.0340472,3.309089,3.309089
50,3,492,0.0340472,3.368088,3.338589
50,3,493,0.0340472,3.369288,3.348822
50,3,494,0.0340472,3.392074,3.376483
50,3,495,0.0340472,3.362417,3.374593
50,3,496,0.0340472,3.415071,3.389854
50,3,497,0.0340472,3.371935,3.383141
50,3,498,0.0340472,3.409663,3.398889
50,3,499,0.0340472,3.430069,3.403889
50,3,500,0.0340472,3.42185,3.420527
51,3,501,0.0340472,3.413766,3.413766
51,3,502,0.0340472,3.393099,3.403432
51,3,503,0.0340472,3.414979,3.407281
51,3,504,0.0340472,3.410886,3.406321
51,3,505,0.0340472,3.343754,3.389873
51,3,506,0.0340472,3.374342,3.376327
51,3,507,0.0340472,3.369225,3.36244
51,3,508,0.0340472,3.400185,3.381251
51,3,509,0.0340472,3.36649,3.378633
51,3,510,0.0340472,3.354995,3.37389
52,3,511,0.0340472,3.431546,3.431546
52,3,512,0.0340472,3.409609,3.420578
52,3,513,0.0340472,3.358659,3.399938
52,3,514,0.0340472,3.334123,3.367464
52,3,515,0.0340472,3.389621,3.360801
52,3,516,0.0340472,3.357187,3.36031
52,3,517,0.0340472,3.402698,3.383168
52,3,518,0.0340472,3.415288,3.391724
52,3,519,0.0340472,3.338926,3.385637
52,3,520,0.0340472,3.381269,3.378494
53,3,521,0.0340472,3.339948,3.339948
53,3,522,0.0340472,3.386412,3.36318
53,3,523,0.0340472,3.392866,3.373075
53,3,524,0.0340472,3.360181,3.37982
53,3,525,0.0340472,3.416931,3.389993
53,3,526,0.0340472,3.3701,3.382404
53,3,527,0.0340472,3.363247,3.383426
53,3,528,0.0340472,3.382349,3.371899
53,3,529,0.0340472,3.334364,3.359987
53,3,530,0.0340472,3.400733,3.372482
54,2,531,0.0272378,3.385282,3.385282
54,2,532,0.0272378,3.374142,3.379712
54,2,533,0.0272378,3.389613,3.383012
54,2,534,0.0272378,3.339444,3.367733
54,2,535,0.0272378,3.433098,3.387385
54,2,536,0.0272378,3.292766,3.355102
54,2,537,0.0272378,3.393217,3.373027
54,2,538,0.0272378,3.430922,3.372301
54,2,539,0.0272378,3.39199,3.405376
54,2,540,0.0272378,3.346676,3.389863
55,4,541,0.0326853,3.308455,3.308455
55,4,542,0.0326853,3.343903,3.326179
55,4,543,0.0326853,3.402729,3.351696
55,4,544,0.0326853,3.388419,3.37835
55,4,545,0.0326853,3.289066,3.360071
55,4,546,0.0326853,3.416951,3.364812
55,4,547,0.0326853,3.397566,3.367861
55,4,548,0.0326853,3.300222,3.37158
55,4,549,0.0326853,3.382501,3.360096
55,4,550,0.0326853,3.283453,3.322059
56,2,551,0.0261483,3.34081,3.34081
56,2,552,0.0261483,3.427814,3.384312
56,2,553,0.0261483,3.329214,3.365946
56,2,554,0.0261483,3.383608,3.380212
56,2,555,0.0261483,3.290964,3.334595
56,2,556,0.0261483,3.362402,3.345658
56,2,557,0.0261483,3.406791,3.353386
56,2,558,0.0261483,3.423319,3.397504
56,2,559,0.0261483,3.295285,3.375132
56,2,560,0.0261483,3.357109,3.358571
57,4,561,0.0313779,3.288493,3.288493
57,4,562,0.0313779,3.332677,3.310585
57,4,563,0.0313779,3.340442,3.320537
57,4,564,0.0313779,3.363148,3.345423
57,4,565,0.0313779,3.329886,3.344492
57,4,566,0.0313779,3.326931,3.339988
57,4,567,0.0313779,3.379749,3.345522
57,4,568,0.0313779,3.324508,3.343729
57,4,569,0.0313779,3.368299,3.357519
57,4,570,0.0313779,3.357568,3.350125
58,2,571,0.0251023,3.358894,3.358894
58,2,572,0.0251023,3.398432,3.378663
58,2,573,0.0251023,3.371313,3.376213
58,2,574,0.0251023,3.359932,3.376559
58,2,575,0.0251023,3.374992,3.368746
58,2,576,0.0251023,3.375685,3.370203
58,2,577,0.0251023,3.385489,3.378722
58,2,578,0.0251023,3.292631,3.351268
58,2,579,0.0251023,3.37218,3.3501
58,2,580,0.0251023,3.313708,3.326173
59,3,581,0.0251023,3.473608,3.473608
59,3,582,0.0251023,3.373255,3.423432
59,3,583,0.0251023,3.350886,3.39925
59,3,584,0.0251023,3.389864,3.371335
59,3,585,0.0251023,3.350276,3.363675
59,3,586,0.0251023,3.349469,3.363203
59,3,587,0.0251023,3.390254,3.363333
59,3,588,0.0251023,3.366592,3.368771
59,3,589,0.0251023,3.377155,3.378
59,3,590,0.0251023,3.319084,3.354277
60,4,591,0.0301228,3.372348,3.372348
60,4,592,0.0301228,3.418988,3.395668
60,4,593,0.0301228,3.365308,3.385548
60,4,594,0.0301228,3.405293,3.39653
60,4,595,0.0301228,3.380843,3.383815
60,4,596,0.0301228,3.420675,3.40227
60,4,597,0.0301228,3.327621,3.37638
60,4,598,0.0301228,3.335736,3.361344
60,4,599,0.0301228,3.371903,3.345087
60,4,600,0.0301228,3.373372,3.360337
61,2,601,0.0240982,3.275397,3.275397
61,2,602,0.0240982,3.317479,3.296438
61,2,603,0.0240982,3.332895,3.30859
61,2,604,0.0240982,3.308305,3.319559
61,2,605,0.0240982,3.327306,3.322835
61,2,606,0.0240982,3.383317,3.339642
61,2,607,0.0240982,3.387926,3.366183
61,2,608,0.0240982,3.346979,3.37274
61,2,609,0.0240982,3.347728,3.360878
61,2,610,0.0240982,3.397774,3.36416
62,4,611,0.0289179,3.317596,3.317596
62,4,612,0.0289179,3.389274,3.353435
62,4,613,0.0289179,3.3184,3.341757
62,4,614,0.0289179,3.354865,3.354179
62,4,615,0.0289179,3.36293,3.345398
62,4,616,0.0289179,3.368436,3.362077
62,4,617,0.0289179,3.437075,3.38948
62,4,618,0.0289179,3.37257,3.392694
62,4,619,0.0289179,3.393389,3.401011
62,4,620,0.0289179,3.348844,3.371601
63,2,621,0.0231343,3.350825,3.350825
63,2,622,0.0231343,3.398643,3.374734
63,2,623,0.0231343,3.324429,3.357965
63,2,624,0.0231343,3.349612,3.357561
63,2,625,0.0231343,3.3147,3.32958
63,2,626,0.0231343,3.362252,3.342188
63,2,627,0.0231343,3.341623,3.339525
63,2,628,0.0231343,3.334195,3.346023
63,2,629,0.0231343,3.306564,3.327461
63,2,630,0.0231343,3.329936,3.323565
64,3,631,0.0231343,3.375057,3.375057
64,3,632,0.0231343,3.330808,3.352933
64,3,633,0.0231343,3.323817,3.343227
64,3,634,0.0231343,3.326358,3.326994
64,3,635,0.0231343,3.330456,3.326877
64,3,636,0.0231343,3.365139,3.340651
64,3,637,0.0231343,3.352089,3.349228
64,3,638,0.0231343,3.377847,3.365025
64,3,639,0.0231343,3.328516,3.352818
64,3,640,0.0231343,3.328693,3.345019
65,4,641,0.0277612,3.320143,3.320143
65,4,642,0.0277612,3.302928,3.311536
65,4,643,0.0277612,3.296754,3.306608
65,4,644,0.0277612,3.329591,3.309758
65,4,645,0.0277612,3.349525,3.32529
65,4,646,0.0277612,3.37845,3.352522
65,4,647,0.0277612,3.312066,3.34668
65,4,648,0.0277612,3.347497,3.346004
65,4,649,0.0277612,3.32209,3.327218
65,4,650,0.0277612,3.359186,3.342924
66,2,651,0.0222089,3.299436,3.299436
66,2,652,0.0222089,3.359965,3.329701
66,2,653,0.0222089,3.388268,3.349223
66,2,654,0.0222089,3.369944,3.372726
66,2,655,0.0222089,3.367264,3.375159
66,2,656,0.0222089,3.289417,3.342208
66,2,657,0.0222089,3.2822,3.31296
66,2,658,0.0222089,3.350774,3.307464
66,2,659,0.0222089,3.348273,3.327082
66,2,660,0.0222089,3.351493,3.35018
67,3,661,0.0222089,3.374847,3.374847
67,3,662,0.0222089,3.354009,3.364428
67,3,663,0.0222089,3.335906,3.354921
67,3,664,0.0222089,3.301401,3.330439
67,3,665,0.0222089,3.405879,3.347729
67,3,666,0.0222089,3.290316,3.332532
67,3,667,0.0222089,3.33291,3.343035
67,3,668,0.0222089,3.332286,3.318504
67,3,669,0.0222089,3.332599,3.332598
67,3,670,0.0222089,3.331248,3.332044
68,3,671,0.0222089,3.343695,3.343695
68,3,672,0.0222089,3.340619,3.342157
68,3,673,0.0222089,3.358672,3.347662
68,3,674,0.0222089,3.320276,3.339856
68,3,675,0.0222089,3.38247,3.353806
68,3,676,0.0222089,3.336472,3.346406
68,3,677,0.0222089,3.323197,3.34738
68,3,678,0.0222089,3.362884,3.340851
68,3,679,0.0222089,3.422896,3.369659
68,3,680,0.0222089,3.373608,3.386463
69,2,681,0.0177671,3.335218,3.335218
69,2,682,0.0177671,3.30476,3.319989
69,2,683,0.0177671,3.394978,3.344986
69,2,684,0.0177671,3.365774,3.355171
69,2,685,0.0177671,3.2939,3.351551
69,2,686,0.0177671,3.305498,3.321724
69,2,687,0.0177671,3.344104,3.314501
69,2,688,0.0177671,3.285631,3.311744
69,2,689,0.0177671,3.394037,3.341257
69,2,690,0.0177671,3.305532,3.3284
70,3,691,0.0177671,3.374794,3.374794
70,3,692,0.0177671,3.372568,3.373681
70,3,693,0.0177671,3.36038,3.369248
70,3,694,0.0177671,3.3436,3.358849
70,3,695,0.0177671,3.356355,3.353445
70,3,696,0.0177671,3.339031,3.346329
70,3,697,0.0177671,3.289667,3.328351
70,3,698,0.0177671,3.361708,3.330135
70,3,699,0.0177671,3.307698,3.319691
70,3,700,0.0177671,3.344946,3.338118
71,4,701,0.0213206,3.356619,3.356619
71,4,702,0.0213206,3.346498,3.351559
71,4,703,0.0213206,3.337218,3.346778
71,4,704,0.0213206,3.244663,3.30946
71,4,705,0.0213206,3.329984,3.303955
71,4,706,0.0213206,3.319316,3.297988
71,4,707,0.0213206,3.444107,3.364469
71,4,708,0.0213206,3.333451,3.365625
71,4,709,0.0213206,3.361377,3.379645
71,4,710,0.0213206,3.321893,3.338907
72,3,711,0.0213206,3.285607,3.285607
72,3,712,0.0213206,3.245947,3.265777
72,3,713,0.0213206,3.345001,3.292185
72,3,714,0.0213206,3.32286,3.304602
72,3,715,0.0213206,3.292444,3.320101
72,3,716,0.0213206,3.365275,3.32686
72,3,717,0.0213206,3.387527,3.348415
72,3,718,0.0213206,3.329448,3.36075
72,3,719,0.0213206,3.35938,3.358785
72,3,720,0.0213206,3.300341,3.329723
73,2,721,0.0170565,3.335926,3.335926
73,2,722,0.0170565,3.307811,3.321868
73,2,723,0.0170565,3.269792,3.304509
73,2,724,0.0170565,3.275625,3.284409
73,2,725,0.0170565,3.353301,3.299572
73,2,726,0.0170565,3.321287,3.316737
73,2,727,0.0170565,3.265293,3.313293
73,2,728,0.0170565,3.339443,3.308674
73,2,729,0.0170565,3.311313,3.30535
73,2,730,0.0170565,3.305347,3.318701
74,3,731,0.0170565,3.358101,3.358101
74,3,732,0.0170565,3.330076,3.344089
74,3,733,0.0170565,3.274046,3.320741
74,3,734,0.0170565,3.282518,3.295547
74,3,735,0.0170565,3.371189,3.309251
74,3,736,0.0170565,3.289305,3.314337
74,3,737,0.0170565,3.294836,3.318443
74,3,738,0.0170565,3.267454,3.283865
74,3,739,0.0170565,3.257691,3.273327
74,3,740,0.0170565,3.273299,3.266148
75,3,741,0.0170565,3.289588,3.289588
75,3,742,0.0170565,3.380551,3.33507
75,3,743,0.0170565,3.364443,3.344861
75,3,744,0.0170565,3.33068,3.358558
75,3,745,0.0170565,3.300696,3.33194
75,3,746,0.0170565,3.303833,3.311736
75,3,747,0.0170565,3.304222,3.302917
75,3,748,0.0170565,3.316926,3.308327
75,3,749,0.0170565,3.324108,3.315085
75,3,750,0.0170565,3.250634,3.297222
76,4,751,0.0204678,3.335183,3.335183
76,4,752,0.0204678,3.249155,3.292169
76,4,753,0.0204678,3.336873,3.30707
76,4,754,0.0204678,3.264177,3.283401
76,4,755,0.0204678,3.310873,3.303974
76,4,756,0.0204678,3.256183,3.277078
76,4,757,0.0204678,3.31841,3.295155
76,4,758,0.0204678,3.344592,3.306395
76,4,759,0.0204678,3.353359,3.338787
76,4,760,0.0204678,3.401227,3.366393
77,2,761,0.0163742,3.322296,3.322296
77,2,762,0.0163742,3.304694,3.313495
77,2,763,0.0163742,3.365336,3.330775
77,2,764,0.0163742,3.320585,3.330205
77,2,765,0.0163742,3.345564,3.343828
77,2,766,0.0163742,3.313342,3.326497
77,2,767,0.0163742,3.381682,3.346863
77,2,768,0.0163742,3.298093,3.331039
77,2,769,0.0163742,3.322215,3.333997
77,2,770,0.0163742,3.355597,3.325302
78,4,771,0.019649,3.316295,3.316295
78,4,772,0.019649,3.33274,3.324517
78,4,773,0.019649,3.254155,3.301063
78,4,774,0.019649,3.303414,3.29677
78,4,775,0.019649,3.304953,3.287507
78,4,776,0.019649,3.360831,3.323066
78,4,777,0.019649,3.276727,3.31417
78,4,778,0.019649,3.300935,3.312831
78,4,779,0.019649,3.282625,3.286762
78,4,780,0.019649,3.263039,3.2822
79,3,781,0.019649,3.370016,3.370016
79,3,782,0.019649,3.298658,3.334337
79,3,783,0.019649,3.292078,3.320251
79,3,784,0.019649,3.360015,3.316917
79,3,785,0.019649,3.336132,3.329408
79,3,786,0.019649,3.268214,3.321454
79,3,787,0.019649,3.345863,3.316736
79,3,788,0.019649,3.329607,3.314562
79,3,789,0.019649,3.312871,3.329447
79,3,790,0.019649,3.329329,3.323936
80,3,791,0.019649,3.333706,3.333706
80,3,792,0.019649,3.31042,3.322063
80,3,793,0.019649,3.312288,3.318805
80,3,794,0.019649,3.379338,3.334015
80,3,795,0.019649,3.311586,3.334404
80,3,796,0.019649,3.175504,3.288809
80,3,797,0.019649,3.254653,3.247248
80,3,798,0.019649,3.326258,3.252138
80,3,799,0.019649,3.325426,3.302112
80,3,800,0.019649,3.278949,3.310211
81,3,801,0.019649,3.302026,3.302026
81,3,802,0.019649,3.28541,3.293718
81,3,803,0.019649,3.305805,3.297747
81,3,804,0.019649,3.309417,3.300211
81,3,805,0.019649,3.327431,3.314218
81,3,806,0.019649,3.346529,3.327792
81,3,807,0.019649,3.301952,3.325304
81,3,808,0.019649,3.334959,3.327813
81,3,809,0.019649,3.352042,3.329651
81,3,810,0.019649,3.280899,3.322633
82,2,811,0.0157192,3.304181,3.304181
82,2,812,0.0157192,3.358373,3.331277
82,2,813,0.0157192,3.296485,3.31968
82,2,814,0.0157192,3.300957,3.318605
82,2,815,0.0157192,3.312342,3.303261
82,2,816,0.0157192,3.29584,3.303046
82,2,817,0.0157192,3.337581,3.315255
82,2,818,0.0157192,3.277171,3.303531
82,2,819,0.0157192,3.245681,3.286811
82,2,820,0.0157192,3.327981,3.283611
83,4,821,0.0188631,3.290919,3.290919
83,4,822,0.0188631,3.320055,3.305487
83,4,823,0.0188631,3.225311,3.278762
83,4,824,0.0188631,3.23069,3.258685
83,4,825,0.0188631,3.295108,3.25037
83,4,826,0.0188631,3.342928,3.289575
83,4,827,0.0188631,3.287026,3.308354
83,4,828,0.0188631,3.308988,3.312981
83,4,829,0.0188631,3.281859,3.292624
83,4,830,0.0188631,3.309883,3.300243
84,3,831,0.0188631,3.311645,3.311645
84,3,832,0.0188631,3.279882,3.295763
84,3,833,0.0188631,3.267994,3.286507
84,3,834,0.0188631,3.332291,3.293389
84,3,835,0.0188631,3.34038,3.313555
84,3,836,0.0188631,3.292055,3.321575
84,3,837,0.0188631,3.283897,3.305444
84,3,838,0.0188631,3.325295,3.300416
84,3,839,0.0188631,3.252594,3.287262
84,3,840,0.0188631,3.3148,3.297563
85,3,841,0.0188631,3.322976,3.322976
85,3,842,0.0188631,3.305958,3.314467
85,3,843,0.0188631,3.307189,3.312041
85,3,844,0.0188631,3.213837,3.275661
85,3,845,0.0188631,3.322262,3.281096
85,3,846,0.0188631,3.26827,3.268123
85,3,847,0.0188631,3.350715,3.313749
85,3,848,0.0188631,3.357096,3.32536
85,3,849,0.0188631,3.351926,3.353245
85,3,850,0.0188631,3.303453,3.337492
86,2,851,0.0150905,3.275298,3.275298
86,2,852,0.0150905,3.264742,3.27002
86,2,853,0.0150905,3.30501,3.281683
86,2,854,0.0150905,3.302694,3.290815
86,2,855,0.0150905,3.277335,3.295013
86,2,856,0.0150905,3.249488,3.276506
86,2,857,0.0150905,3.226778,3.2512
86,2,858,0.0150905,3.311666,3.262644
86,2,859,0.0150905,3.275525,3.271323
86,2,860,0.0150905,3.286388,3.291193
87,3,861,0.0150905,3.315415,3.315415
87,3,862,0.0150905,3.336826,3.326121
87,3,863,0.0150905,3.267718,3.306653
87,3,864,0.0150905,3.301484,3.302009
87,3,865,0.0150905,3.275958,3.28172
87,3,866,0.0150905,3.248194,3.275212
87,3,867,0.0150905,3.318724,3.280959
87,3,868,0.0150905,3.317979,3.294966
87,3,869,0.0150905,3.333648,3.32345
87,3,870,0.0150905,3.343901,3.331843
88,3,871,0.0150905,3.274859,3.274859
88,3,872,0.0150905,3.374781,3.32482
88,3,873,0.0150905,3.334553,3.328064
88,3,874,0.0150905,3.251725,3.320353
88,3,875,0.0150905,3.276341,3.28754
88,3,876,0.0150905,3.319158,3.282408
88,3,877,0.0150905,3.359294,3.318265
88,3,878,0.0150905,3.2612,3.313217
88,3,879,0.0150905,3.305475,3.308656
88,3,880,0.0150905,3.315337,3.294004
89,3,881,0.0150905,3.297795,3.297795
89,3,882,0.0150905,3.31661,3.307203
89,3,883,0.0150905,3.281563,3.298656
89,3,884,0.0150905,3.394585,3.330919
89,3,885,0.0150905,3.295008,3.323719
89,3,886,0.0150905,3.343968,3.34452
89,3,887,0.0150905,3.352086,3.330354
89,3,888,0.0150905,3.326788,3.340948
89,3,889,0.0150905,3.224972,3.301282
89,3,890,0.0150905,3.204696,3.252152
90,2,891,0.0120724,3.289572,3.289572
90,2,892,0.0120724,3.272913,3.281243
90,2,893,0.0120724,3.248566,3.27035
90,2,894,0.0120724,3.31649,3.279323
90,2,895,0.0120724,3.329167,3.298074
90,2,896,0.0120724,3.319521,3.321726
90,2,897,0.0120724,3.280433,3.309707
90,2,898,0.0120724,3.307243,3.302399
90,2,899,0.0120724,3.343909,3.310528
90,2,900,0.0120724,3.265182,3.305445
91,4,901,0.0144868,3.35049,3.35049
91,4,902,0.0144868,3.278666,3.314578
91,4,903,0.0144868,3.364222,3.331126
91,4,904,0.0144868,3.273271,3.305386
91,4,905,0.0144868,3.365292,3.334261
91,4,906,0.0144868,3.318027,3.318863
91,4,907,0.0144868,3.294019,3.325779
91,4,908,0.0144868,3.383668,3.331905
91,4,909,0.0144868,3.275325,3.317671
91,4,910,0.0144868,3.304603,3.321199
92,4,911,0.0173842,3.312662,3.312662
92,4,912,0.0173842,3.313613,3.313138
92,4,913,0.0173842,3.31741,3.314562
92,4,914,0.0173842,3.350871,3.327298
92,4,915,0.0173842,3.320888,3.329723
92,4,916,0.0173842,3.279454,3.317071
92,4,917,0.0173842,3.295915,3.298752
92,4,918,0.0173842,3.331789,3.302386
92,4,919,0.0173842,3.249712,3.292472
92,4,920,0.0173842,3.34715,3.30955
93,2,921,0.0139074,3.316669,3.316669
93,2,922,0.0139074,3.308928,3.312799
93,2,923,0.0139074,3.360522,3.328706
93,2,924,0.0139074,3.305626,3.325025
93,2,925,0.0139074,3.344693,3.336947
93,2,926,0.0139074,3.322542,3.324287
93,2,927,0.0139074,3.37287,3.346702
93,2,928,0.0139074,3.271651,3.322354
93,2,929,0.0139074,3.226159,3.290227
93,2,930,0.0139074,3.299042,3.265617
94,3,931,0.0139074,3.256402,3.256402
94,3,932,0.0139074,3.317569,3.286986
94,3,933,0.0139074,3.265511,3.279827
94,3,934,0.0139074,3.323819,3.3023
94,3,935,0.0139074,3.234162,3.274498
94,3,936,0.0139074,3.335004,3.297662
94,3,937,0.0139074,3.307402,3.292189
94,3,938,0.0139074,3.393131,3.345179
94,3,939,0.0139074,3.348531,3.349688
94,3,940,0.0139074,3.239504,3.327055
95,2,941,0.0111259,3.266844,3.266844
95,2,942,0.0111259,3.347233,3.307039
95,2,943,0.0111259,3.368783,3.32762
95,2,944,0.0111259,3.217467,3.311161
95,2,945,0.0111259,3.281635,3.289295
95,2,946,0.0111259,3.293595,3.264232
95,2,947,0.0111259,3.310948,3.295393
95,2,948,0.0111259,3.259824,3.288122
95,2,949,0.0111259,3.34934,3.306704
95,2,950,0.0111259,3.357944,3.32237
96,4,951,0.0133511,3.256738,3.256738
96,4,952,0.0133511,3.24219,3.249464
96,4,953,0.0133511,3.364849,3.287926
96,4,954,0.0133511,3.279095,3.295378
96,4,955,0.0133511,3.349732,3.331225
96,4,956,0.0133511,3.296024,3.308284
96,4,957,0.0133511,3.305166,3.316974
96,4,958,0.0133511,3.368197,3.323129
96,4,959,0.0133511,3.247363,3.306909
96,4,960,0.0133511,3.328754,3.314771
97,3,961,0.0133511,3.29405,3.29405
97,3,962,0.0133511,3.239578,3.266814
97,3,963,0.0133511,3.275999,3.269876
97,3,964,0.0133511,3.250949,3.255509
97,3,965,0.0133511,3.242607,3.256518
97,3,966,0.0133511,3.223558,3.239038
97,3,967,0.0133511,3.286688,3.250951
97,3,968,0.0133511,3.312642,3.274296
97,3,969,0.0133511,3.302553,3.300628
97,3,970,0.0133511,3.253374,3.289523
98,3,971,0.0133511,3.334875,3.334875
98,3,972,0.0133511,3.298299,3.316587
98,3,973,0.0133511,3.323603,3.318926
98,3,974,0.0133511,3.328825,3.316909
98,3,975,0.0133511,3.334734,3.329054
98,3,976,0.0133511,3.274834,3.312798
98,3,977,0.0133511,3.341258,3.316942
98,3,978,0.0133511,3.325222,3.313771
98,3,979,0.0133511,3.316664,3.327715
98,3,980,0.0133511,3.283207,3.308365
99,3,981,0.0133511,3.359539,3.359539
99,3,982,0.0133511,3.281157,3.320348
99,3,983,0.0133511,3.26457,3.301756
99,3,984,0.0133511,3.210876,3.252201
99,3,985,0.0133511,3.295414,3.256954
99,3,986,0.0133511,3.2477,3.25133
99,3,987,0.0133511,3.235991,3.259701
99,3,988,0.0133511,3.291081,3.258257
99,3,989,0.0133511,3.358119,3.295063
99,3,990,0.0133511,3.295223,3.314808
100,3,991,0.0133511,3.230392,3.230392
100,3,992,0.0133511,3.208903,3.219647
100,3,993,0.0133511,3.256367,3.231887
100,3,994,0.0133511,3.294747,3.253339
100,3,995,0.0133511,3.301054,3.284056
100,3,996,0.0133511,3.302642,3.299481
100,3,997,0.0133511,3.317371,3.307023
100,3,998,0.0133511,3.326295,3.315436
100,3,999,0.0133511,3.278474,3.30738
100,3,1000,0.0133511,3.331726,3.312165
101,4,1001,0.0160213,3.219769,3.219769
101,4,1002,0.0160213,3.271665,3.245717
101,4,1003,0.0160213,3.295774,3.262403
101,4,1004,0.0160213,3.306064,3.291168
101,4,1005,0.0160213,3.288462,3.296767
101,4,1006,0.0160213,3.265175,3.286567
101,4,1007,0.0160213,3.327609,3.293749
101,4,1008,0.0160213,3.321557,3.30478
101,4,1009,0.0160213,3.280949,3.310038
101,4,1010,0.0160213,3.299604,3.300703
102,2,1011,0.012817,3.320666,3.320666
102,2,1012,0.012817,3.317261,3.318964
102,2,1013,0.012817,3.342514,3.326814
102,2,1014,0.012817,3.242532,3.300769
102,2,1015,0.012817,3.392782,3.325943
102,2,1016,0.012817,3.276999,3.304104
102,2,1017,0.012817,3.238452,3.302744
102,2,1018,0.012817,3.181787,3.232412
102,2,1019,0.012817,3.324749,3.248329
102,2,1020,0.012817,3.353012,3.286516
103,3,1021,0.012817,3.213181,3.213181
103,3,1022,0.012817,3.306733,3.259957
103,3,1023,0.012817,3.329181,3.283032
103,3,1024,0.012817,3.282881,3.306265
103,3,1025,0.012817,3.259985,3.290683
103,3,1026,0.012817,3.309279,3.284049
103,3,1027,0.012817,3.250277,3.27318
103,3,1028,0.012817,3.282265,3.280607
103,3,1029,0.012817,3.305201,3.279248
103,3,1030,0.012817,3.21722,3.268229
104,2,1031,0.0102536,3.271477,3.271477
104,2,1032,0.0102536,3.35922,3.315348
104,2,1033,0.0102536,3.250675,3.29379
104,2,1034,0.0102536,3.32735,3.312415
104,2,1035,0.0102536,3.267957,3.281994
104,2,1036,0.0102536,3.226737,3.274015
104,2,1037,0.0102536,3.291674,3.262123
104,2,1038,0.0102536,3.33457,3.284327
104,2,1039,0.0102536,3.298926,3.30839
104,2,1040,0.0102536,3.299632,3.311043
105,3,1041,0.0102536,3.327249,3.327249
105,3,1042,0.0102536,3.273427,3.300338
105,3,1043,0.0102536,3.317333,3.306003
105,3,1044,0.0102536,3.261915,3.284225
105,3,1045,0.0102536,3.321371,3.300207
105,3,1046,0.0102536,3.253852,3.279046
105,3,1047,0.0102536,3.304927,3.293383
105,3,1048,0.0102536,3.247975,3.268918
105,3,1049,0.0102536,3.305856,3.286253
105,3,1050,0.0102536,3.322664,3.292165
106,2,1051,0.0082029,3.278022,3.278022
106,2,1052,0.0082029,3.334374,3.306198
106,2,1053,0.0082029,3.24577,3.286055
106,2,1054,0.0082029,3.285415,3.28852
106,2,1055,0.0082029,3.243754,3.258313
106,2,1056,0.0082029,3.338078,3.289082
106,2,1057,0.0082029,3.296093,3.292642
106,2,1058,0.0082029,3.244195,3.292789
106,2,1059,0.0082029,3.281336,3.273874
106,2,1060,0.0082029,3.322206,3.282579
107,5,1061,0.0114841,3.341192,3.341192
107,5,1062,0.0114841,3.208878,3.275035
107,5,1063,0.0114841,3.280506,3.276859
107,5,1064,0.0114841,3.292995,3.260793
107,5,1065,0.0114841,3.226751,3.266751
107,5,1066,0.0114841,3.361077,3.293608
107,5,1067,0.0114841,3.254979,3.280936
107,5,1068,0.0114841,3.251431,3.289162
107,5,1069,0.0114841,3.29953,3.268647
107,5,1070,0.0114841,3.238033,3.262998
108,2,1071,0.00918725,3.312682,3.312682
108,2,1072,0.00918725,3.223668,3.268175
108,2,1073,0.00918725,3.288282,3.274877
108,2,1074,0.00918725,3.204035,3.238662
108,2,1075,0.00918725,3.247862,3.246727
108,2,1076,0.00918725,3.338941,3.263613
108,2,1077,0.00918725,3.312963,3.299922
108,2,1078,0.00918725,3.30653,3.319478
108,2,1079,0.00918725,3.293982,3.304492
108,2,1080,0.00918725,3.231304,3.277272
109,4,1081,0.0110247,3.308111,3.308111
109,4,1082,0.0110247,3.281536,3.294824
109,4,1083,0.0110247,3.288528,3.292725
109,4,1084,0.0110247,3.312182,3.294082
109,4,1085,0.0110247,3.271978,3.290896
109,4,1086,0.0110247,3.248067,3.277409
109,4,1087,0.0110247,3.313523,3.277856
109,4,1088,0.0110247,3.282469,3.281353
109,4,1089,0.0110247,3.27641,3.2908
109,4,1090,0.0110247,3.337047,3.298642
110,3,1091,0.0110247,3.313171,3.313171
110,3,1092,0.0110247,3.300319,3.306745
110,3,1093,0.0110247,3.263795,3.292428
110,3,1094,0.0110247,3.303322,3.289145
110,3,1095,0.0110247,3.255559,3.274225
110,3,1096,0.0110247,3.268092,3.275658
110,3,1097,0.0110247,3.257665,3.260439
110,3,1098,0.0110247,3.308723,3.27816
110,3,1099,0.0110247,3.298783,3.28839
110,3,1100,0.0110247,3.258168,3.288558
111,3,1101,0.0110247,3.321432,3.321432
111,3,1102,0.0110247,3.274121,3.297777
111,3,1103,0.0110247,3.259501,3.285018
111,3,1104,0.0110247,3.249703,3.261108
111,3,1105,0.0110247,3.2944,3.267868
111,3,1106,0.0110247,3.265818,3.269974
111,3,1107,0.0110247,3.343543,3.301254
111,3,1108,0.0110247,3.321657,3.310339
111,3,1109,0.0110247,3.300367,3.321855
111,3,1110,0.0110247,3.243786,3.288603
112,2,1111,0.00881976,3.275434,3.275434
112,2,1112,0.00881976,3.274893,3.275164
112,2,1113,0.00881976,3.319808,3.290045
112,2,1114,0.00881976,3.30758,3.30076
112,2,1115,0.00881976,3.243294,3.290227
112,2,1116,0.00881976,3.287469,3.279447
112,2,1117,0.00881976,3.305219,3.278661
112,2,1118,0.00881976,3.284884,3.292524
112,2,1119,0.00881976,3.325688,3.305264
112,2,1120,0.00881976,3.285655,3.298743
113,5,1121,0.0123477,3.279365,3.279365
113,5,1122,0.0123477,3.27064,3.275003
113,5,1123,0.0123477,3.260202,3.270069
113,5,1124,0.0123477,3.307566,3.279469
113,5,1125,0.0123477,3.32344,3.297069
113,5,1126,0.0123477,3.285123,3.305376
113,5,1127,0.0123477,3.326474,3.311679
113,5,1128,0.0123477,3.289277,3.300291
113,5,1129,0.0123477,3.342207,3.319319
113,5,1130,0.0123477,3.314175,3.31522
114,2,1131,0.00987813,3.288391,3.288391
114,2,1132,0.00987813,3.277372,3.282882
114,2,1133,0.00987813,3.262246,3.276003
114,2,1134,0.00987813,3.291094,3.276904
114,2,1135,0.00987813,3.323059,3.292133
114,2,1136,0.00987813,3.281335,3.298496
114,2,1137,0.00987813,3.32626,3.310218
114,2,1138,0.00987813,3.271343,3.292979
114,2,1139,0.00987813,3.230302,3.275968
114,2,1140,0.00987813,3.310243,3.270629
115,4,1141,0.0118538,3.231601,3.231601
115,4,1142,0.0118538,3.335984,3.283792
115,4,1143,0.0118538,3.289208,3.285598
115,4,1144,0.0118538,3.267246,3.29748
115,4,1145,0.0118538,3.326446,3.2943
115,4,1146,0.0118538,3.291872,3.295188
115,4,1147,0.0118538,3.310404,3.309574
115,4,1148,0.0118538,3.27794,3.293406
115,4,1149,0.0118538,3.220137,3.269494
115,4,1150,0.0118538,3.304384,3.267487
116,3,1151,0.0118538,3.225625,3.225625
116,3,1152,0.0118538,3.346837,3.286231
116,3,1153,0.0118538,3.276097,3.282853
116,3,1154,0.0118538,3.293067,3.305334
116,3,1155,0.0118538,3.31553,3.294898
116,3,1156,0.0118538,3.357329,3.321976
116,3,1157,0.0118538,3.360292,3.344384
116,3,1158,0.0118538,3.286041,3.334554
116,3,1159,0.0118538,3.22028,3.288871
116,3,1160,0.0118538,3.321847,3.276056
117,2,1161,0.00948301,3.205834,3.205834
117,2,1162,0.00948301,3.34336,3.274597
117,2,1163,0.00948301,3.266695,3.271963
117,2,1164,0.00948301,3.282214,3.297423
117,2,1165,0.00948301,3.370439,3.30645
117,2,1166,0.00948301,3.283894,3.312183
117,2,1167,0.00948301,3.307716,3.320683
117,2,1168,0.00948301,3.253233,3.281614
117,2,1169,0.00948301,3.218865,3.259938
117,2,1170,0.00948301,3.225777,3.232625
118,4,1171,0.0113796,3.268039,3.268039
118,4,1172,0.0113796,3.293655,3.280847
118,4,1173,0.0113796,3.224237,3.261977
118,4,1174,0.0113796,3.247772,3.255221
118,4,1175,0.0113796,3.252674,3.241561
118,4,1176,0.0113796,3.288756,3.263067
118,4,1177,0.0113796,3.236079,3.25917
118,4,1178,0.0113796,3.347901,3.290912
118,4,1179,0.0113796,3.286321,3.2901
118,4,1180,0.0113796,3.268147,3.30079
119,3,1181,0.0113796,3.320106,3.320106
119,3,1182,0.0113796,3.255715,3.287911
119,3,1183,0.0113796,3.302996,3.292939
119,3,1184,0.0113796,3.350954,3.303222
119,3,1185,0.0113796,3.317201,3.323717
119,3,1186,0.0113796,3.272094,3.313416
119,3,1187,0.0113796,3.356312,3.315202
119,3,1188,0.0113796,3.260511,3.296306
119,3,1189,0.0113796,3.239681,3.285501
119,3,1190,0.0113796,3.234776,3.244989
120,3,1191,0.0113796,3.323804,3.323804
120,3,1192,0.0113796,3.346261,3.335033
120,3,1193,0.0113796,3.316289,3.328785
120,3,1194,0.0113796,3.274443,3.312331
120,3,1195,0.0113796,3.223295,3.271342
120,3,1196,0.0113796,3.288946,3.262228
120,3,1197,0.0113796,3.328151,3.280131
120,3,1198,0.0113796,3.20447,3.273856
120,3,1199,0.0113796,3.236757,3.256459
120,3,1200,0.0113796,3.184443,3.208557
121,2,1201,0.00910369,3.238115,3.238115
121,2,1202,0.00910369,3.341733,3.289924
121,2,1203,0.00910369,3.314221,3.298023
121,2,1204,0.00910369,3.251031,3.302328
121,2,1205,0.00910369,3.246113,3.270455
121,2,1206,0.00910369,3.292257,3.263134
121,2,1207,0.00910369,3.279475,3.272615
121,2,1208,0.00910369,3.33157,3.301101
121,2,1209,0.00910369,3.271802,3.294282
121,2,1210,0.00910369,3.240397,3.281256
122,4,1211,0.0109244,3.317976,3.317976
122,4,1212,0.0109244,3.245816,3.281896
122,4,1213,0.0109244,3.338271,3.300687
122,4,1214,0.0109244,3.257028,3.280372
122,4,1215,0.0109244,3.267227,3.287508
122,4,1216,0.0109244,3.313204,3.279153
122,4,1217,0.0109244,3.254745,3.278392
122,4,1218,0.0109244,3.295984,3.287977
122,4,1219,0.0109244,3.274093,3.27494
122,4,1220,0.0109244,3.250172,3.273416
123,3,1221,0.0109244,3.244801,3.244801
123,3,1222,0.0109244,3.322413,3.283607
123,3,1223,0.0109244,3.288882,3.285365
123,3,1224,0.0109244,3.266492,3.292596
123,3,1225,0.0109244,3.288094,3.281156
123,3,1226,0.0109244,3.240263,3.26495
123,3,1227,0.0109244,3.216059,3.248138
123,3,1228,0.0109244,3.28794,3.248087
123,3,1229,0.0109244,3.242466,3.248822
123,3,1230,0.0109244,3.251271,3.260559
124,2,1231,0.00873954,3.263454,3.263454
124,2,1232,0.00873954,3.216233,3.239844
124,2,1233,0.00873954,3.232731,3.237473
124,2,1234,0.00873954,3.26908,3.239348
124,2,1235,0.00873954,3.287906,3.263239
124,2,1236,0.00873954,3.224366,3.260451
124,2,1237,0.00873954,3.263494,3.258589
124,2,1238,0.00873954,3.176537,3.221466
124,2,1239,0.00873954,3.25612,3.23205
124,2,1240,0.00873954,3.240624,3.224427
125,5,1241,0.0122354,3.279658,3.279658
125,5,1242,0.0122354,3.19589,3.237774
125,5,1243,0.0122354,3.293776,3.256441
125,5,1244,0.0122354,3.288859,3.259508
125,5,1245,0.0122354,3.22315,3.268595
125,5,1246,0.0122354,3.246208,3.252739
125,5,1247,0.0122354,3.288225,3.252528
125,5,1248,0.0122354,3.290092,3.274842
125,5,1249,0.0122354,3.273954,3.28409
125,5,1250,0.0122354,3.268427,3.277491
126,1,1251,0.00734121,3.253232,3.253232
126,1,1252,0.00734121,3.29464,3.273936
126,1,1253,0.00734121,3.273174,3.273682
126,1,1254,0.00734121,3.301222,3.289678
126,1,1255,0.00734121,3.245928,3.273441
126,1,1256,0.00734121,3.284945,3.277365
126,1,1257,0.00734121,3.192225,3.241032
126,1,1258,0.00734121,3.232329,3.236499
126,1,1259,0.00734121,3.253342,3.225965
126,1,1260,0.00734121,3.221379,3.235683
127,4,1261,0.00880946,3.247025,3.247025
127,4,1262,0.00880946,3.278475,3.26275
127,4,1263,0.00880946,3.236179,3.253893
127,4,1264,0.00880946,3.281011,3.265221
127,4,1265,0.00880946,3.303429,3.27354
127,4,1266,0.00880946,3.341124,3.308521
127,4,1267,0.00880946,3.289557,3.31137
127,4,1268,0.00880946,3.287051,3.305911
127,4,1269,0.00880946,3.258173,3.27826
127,4,1270,0.00880946,3.265996,3.270406
128,3,1271,0.00880946,3.262311,3.262311
128,3,1272,0.00880946,3.199895,3.231103
128,3,1273,0.00880946,3.340581,3.267596
128,3,1274,0.00880946,3.249267,3.263248
128,3,1275,0.00880946,3.245121,3.278323
128,3,1276,0.00880946,3.256043,3.250144
128,3,1277,0.00880946,3.268522,3.256562
128,3,1278,0.00880946,3.308177,3.27758
128,3,1279,0.00880946,3.313562,3.296754
128,3,1280,0.00880946,3.245048,3.288929
129,2,1281,0.00704756,3.25735,3.25735
129,2,1282,0.00704756,3.244672,3.251011
129,2,1283,0.00704756,3.170386,3.224136
129,2,1284,0.00704756,3.364505,3.259855
129,2,1285,0.00704756,3.307065,3.280652
129,2,1286,0.00704756,3.262229,3.311267
129,2,1287,0.00704756,3.309579,3.292958
129,2,1288,0.00704756,3.323064,3.298291
129,2,1289,0.00704756,3.241316,3.29132
129,2,1290,0.00704756,3.25675,3.27371
130,3,1291,0.00704756,3.250389,3.250389
130,3,1292,0.00704756,3.243937,3.247163
130,3,1293,0.00704756,3.210756,3.235027
130,3,1294,0.00704756,3.355964,3.270219
130,3,1295,0.00704756,3.237326,3.268015
130,3,1296,0.00704756,3.251203,3.281498
130,3,1297,0.00704756,3.277324,3.255284
130,3,1298,0.00704756,3.220594,3.249707
130,3,1299,0.00704756,3.290655,3.262858
130,3,1300,0.00704756,3.252801,3.254683
131,5,1301,0.00986659,3.281569,3.281569
131,5,1302,0.00986659,3.191845,3.236707
131,5,1303,0.00986659,3.31667,3.263361
131,5,1304,0.00986659,3.195054,3.234523
131,5,1305,0.00986659,3.269366,3.260363
131,5,1306,0.00986659,3.1785,3.214307
131,5,1307,0.00986659,3.247422,3.231763
131,5,1308,0.00986659,3.362955,3.262959
131,5,1309,0.00986659,3.263577,3.291318
131,5,1310,0.00986659,3.31762,3.314718
132,4,1311,0.0118399,3.364801,3.364801
132,4,1312,0.0118399,3.26726,3.316031
132,4,1313,0.0118399,3.196825,3.276295
132,4,1314,0.0118399,3.264772,3.242952
132,4,1315,0.0118399,3.211073,3.224223
132,4,1316,0.0118399,3.254922,3.243589
132,4,1317,0.0118399,3.271112,3.245702
132,4,1318,0.0118399,3.267423,3.264486
132,4,1319,0.0118399,3.32994,3.289492
132,4,1320,0.0118399,3.242554,3.279972
133,1,1321,0.00710394,3.307303,3.307303
133,1,1322,0.00710394,3.280166,3.293734
133,1,1323,0.00710394,3.215671,3.267713
133,1,1324,0.00710394,3.29583,3.263889
133,1,1325,0.00710394,3.289878,3.267126
133,1,1326,0.00710394,3.255885,3.280531
133,1,1327,0.00710394,3.289719,3.278494
133,1,1328,0.00710394,3.299435,3.28168
133,1,1329,0.00710394,3.267047,3.2854
133,1,1330,0.00710394,3.338203,3.301562
134,4,1331,0.00852473,3.22967,3.22967
134,4,1332,0.00852473,3.299826,3.264748
134,4,1333,0.00852473,3.27215,3.267215
134,4,1334,0.00852473,3.309857,3.293944
134,4,1335,0.00852473,3.228962,3.270323
134,4,1336,0.00852473,3.295697,3.278172
134,4,1337,0.00852473,3.275416,3.266692
134,4,1338,0.00852473,3.263412,3.278175
134,4,1339,0.00852473,3.239714,3.259514
134,4,1340,0.00852473,3.290238,3.264454
135,3,1341,0.00852473,3.301587,3.301587
135,3,1342,0.00852473,3.277234,3.28941
135,3,1343,0.00852473,3.253489,3.277437
135,3,1344,0.00852473,3.257254,3.262659
135,3,1345,0.00852473,3.234221,3.248321
135,3,1346,0.00852473,3.152167,3.214547
135,3,1347,0.00852473,3.310104,3.232164
135,3,1348,0.00852473,3.28037,3.247547
135,3,1349,0.00852473,3.310941,3.300472
135,3,1350,0.00852473,3.245163,3.278825
