run,batch_size,N,M,final_k_granularity,cooldown_final_k_granularity,initial_muon_lr,initial_muon_lr_k,initial_loss,final_loss,loss_delta,final_muon_lr,final_muon_lr_k,final_cooldown_lr,final_cooldown_lr_k,train_points,searches,primary_searches,cooldown_searches
0,2000,1,0,1.0,1.0,0.2,0.0,2.313483,0.868739,-1.444744,0.00073,11.0,,,51,50,50,0
1,2000,1,0,1.0,0.25,0.2,0.0,2.313483,0.868739,-1.444744,0.00073,11.0,,,51,50,50,0
2,2000,1,0,0.25,0.25,0.2,0.0,2.313483,0.868739,-1.444744,0.00073,11.0,,,51,50,50,0
3,2000,1,1,1.0,1.0,0.2,0.0,2.313483,0.880209,-1.4332740000000002,0.00073,11.0,8.5e-46,200.0,51,218,50,168
4,2000,1,1,1.0,0.25,0.2,0.0,2.313483,0.883817,-1.429666,0.00044,12.0,3.6e-57,251.25,51,218,50,168
5,2000,1,1,0.25,0.25,0.2,0.0,2.313483,0.883136,-1.4303470000000003,0.00044,12.0,1.3e-56,248.75,51,418,50,368
6,2000,1,2,1.0,1.0,0.2,0.0,2.313483,0.868587,-1.4448960000000002,5.6e-05,16.0,0.0012,10.0,51,241,50,191
7,2000,1,2,1.0,0.25,0.2,0.0,2.313483,0.86897,-1.4445130000000002,9.4e-05,15.0,0.0023,8.75,51,214,50,164
8,2000,1,2,0.25,0.25,0.2,0.0,2.313483,0.86897,-1.4445130000000002,9.4e-05,15.0,0.0023,8.75,51,406,50,356
9,2000,2,0,1.0,1.0,0.2,0.0,2.313483,0.867993,-1.4454900000000002,0.00073,11.0,,,51,25,25,0
10,2000,2,0,1.0,0.25,0.2,0.0,2.313483,0.867993,-1.4454900000000002,0.00073,11.0,,,51,25,25,0
11,2000,2,0,0.25,0.25,0.2,0.0,2.313483,0.868462,-1.445021,0.00056,11.5,,,51,25,25,0
12,2000,2,1,1.0,1.0,0.2,0.0,2.313483,0.86743,-1.446053,0.00073,11.0,0.00073,11.0,51,107,25,82
13,2000,2,1,1.0,0.25,0.2,0.0,2.313483,0.867179,-1.446304,0.00073,11.0,0.00044,12.0,51,107,25,82
14,2000,2,1,0.25,0.25,0.2,0.0,2.313483,0.86805,-1.4454330000000002,0.00056,11.5,0.00056,11.5,51,206,25,181
15,2000,2,2,1.0,1.0,0.2,0.0,2.313483,0.867222,-1.4462610000000002,0.00073,11.0,0.00073,11.0,51,107,25,82
16,2000,2,2,1.0,0.25,0.2,0.0,2.313483,0.867339,-1.4461440000000003,0.00073,11.0,0.00073,11.0,51,109,25,84
17,2000,2,2,0.25,0.25,0.2,0.0,2.313483,0.867251,-1.4462320000000002,0.00064,11.25,0.00064,11.25,51,208,25,183
18,2000,3,0,1.0,1.0,0.2,0.0,2.313483,0.868215,-1.4452680000000002,0.00044,12.0,,,51,17,17,0
19,2000,3,0,1.0,0.25,0.2,0.0,2.313483,0.868215,-1.4452680000000002,0.00044,12.0,,,51,17,17,0
20,2000,3,0,0.25,0.25,0.2,0.0,2.313483,0.869415,-1.4440680000000001,0.00056,11.5,,,51,17,17,0
21,2000,3,1,1.0,1.0,0.2,0.0,2.313483,0.86701,-1.4464730000000001,0.002,9.0,0.00044,12.0,51,76,17,59
22,2000,3,1,1.0,0.25,0.2,0.0,2.313483,0.867069,-1.4464140000000003,0.00073,11.0,0.00073,11.0,51,78,17,61
23,2000,3,1,0.25,0.25,0.2,0.0,2.313483,0.867493,-1.44599,0.0012,10.0,0.00073,11.0,51,145,17,128
24,2000,3,2,1.0,1.0,0.2,0.0,2.313483,0.867498,-1.4459850000000003,0.00073,11.0,0.00073,11.0,51,77,17,60
25,2000,3,2,1.0,0.25,0.2,0.0,2.313483,0.867456,-1.4460270000000002,0.00073,11.0,0.00073,11.0,51,77,17,60
26,2000,3,2,0.25,0.25,0.2,0.0,2.313483,0.867335,-1.4461480000000002,0.00049,11.75,0.00056,11.5,51,141,17,124
27,2000,4,0,1.0,1.0,0.2,0.0,2.313483,0.868042,-1.4454410000000002,0.00073,11.0,,,51,13,13,0
28,2000,4,0,1.0,0.25,0.2,0.0,2.313483,0.868042,-1.4454410000000002,0.00073,11.0,,,51,13,13,0
29,2000,4,0,0.25,0.25,0.2,0.0,2.313483,0.869011,-1.4444720000000002,0.00044,12.0,,,51,13,13,0
30,2000,4,1,1.0,1.0,0.2,0.0,2.313483,0.867098,-1.4463850000000003,0.00073,11.0,0.0012,10.0,51,57,13,44
31,2000,4,1,1.0,0.25,0.2,0.0,2.313483,0.867075,-1.4464080000000001,0.00073,11.0,0.00073,11.0,51,59,13,46
32,2000,4,1,0.25,0.25,0.2,0.0,2.313483,0.8671,-1.4463830000000002,0.0012,10.0,0.0012,10.0,51,112,13,99
33,2000,4,2,1.0,1.0,0.2,0.0,2.313483,0.867545,-1.4459380000000002,0.00073,11.0,0.00073,11.0,51,59,13,46
34,2000,4,2,1.0,0.25,0.2,0.0,2.313483,0.867306,-1.446177,0.0012,10.0,0.0011,10.25,51,58,13,45
35,2000,4,2,0.25,0.25,0.2,0.0,2.313483,0.86771,-1.4457730000000002,0.00094,10.5,0.00094,10.5,51,104,13,91
36,2000,5,0,1.0,1.0,0.2,0.0,2.313483,0.868668,-1.4448150000000002,0.00073,11.0,,,51,10,10,0
37,2000,5,0,1.0,0.25,0.2,0.0,2.313483,0.868668,-1.4448150000000002,0.00073,11.0,,,51,10,10,0
38,2000,5,0,0.25,0.25,0.2,0.0,2.313483,0.868872,-1.444611,0.00073,11.0,,,51,10,10,0
39,2000,5,1,1.0,1.0,0.2,0.0,2.313483,0.867015,-1.4464680000000003,0.00073,11.0,0.002,9.0,51,47,10,37
40,2000,5,1,1.0,0.25,0.2,0.0,2.313483,0.867072,-1.4464110000000003,0.00073,11.0,0.00073,11.0,51,48,10,38
41,2000,5,1,0.25,0.25,0.2,0.0,2.313483,0.867095,-1.4463880000000002,0.00073,11.0,0.00044,12.0,51,87,10,77
42,2000,5,2,1.0,1.0,0.2,0.0,2.313483,0.867266,-1.4462170000000003,0.00073,11.0,0.00073,11.0,51,47,10,37
43,2000,5,2,1.0,0.25,0.2,0.0,2.313483,0.867122,-1.4463610000000002,0.00073,11.0,0.00073,11.0,51,47,10,37
44,2000,5,2,0.25,0.25,0.2,0.0,2.313483,0.867107,-1.4463760000000003,0.00073,11.0,0.00082,10.75,51,82,10,72
